scenario,first_linf,iterations,final_linf,converged,price_damping
pathway-reference__digi-baseline,0.02426,2,0.0,True,0.5
pathway-reference__digi-stagnating,0.0264,2,0.0,True,0.5
pathway-reference__digi-accelerated,0.0246,2,0.0,True,0.5
pathway-renewables_push__digi-baseline,0.01994,2,0.0,True,0.5
pathway-renewables_push__digi-stagnating,0.02143,2,0.0,True,0.5
pathway-renewables_push__digi-accelerated,0.02107,2,5.244e-05,True,0.5
pathway-bio_bridge__digi-baseline,0.01716,2,0.0,True,0.5
pathway-bio_bridge__digi-stagnating,0.02102,2,0.000108,True,0.5
pathway-bio_bridge__digi-accelerated,0.01711,2,0.0,True,0.5
pathway-renewables_push__digi-baseline__shape-linear,0.02013,2,0.0,True,0.5
pathway-renewables_push__digi-stagnating__shape-linear,0.02133,2,0.0,True,0.5
pathway-renewables_push__digi-accelerated__shape-linear,0.0213,2,0.0,True,0.5
pathway-ref_tax0__digi-baseline,0.02177,2,0.0,True,0.5
pathway-ref_tax40__digi-baseline,0.02253,2,0.0,True,0.5
pathway-ref_tax55__digi-baseline,0.02352,2,0.0,True,0.5
pathway-ref_tax80__digi-baseline,0.02423,2,0.0,True,0.5
pathway-ref_tax120__digi-baseline,0.02462,2,0.0,True,0.5
pathway-ref_wilson_enable_extreme__digi-baseline,0.0228,2,0.0,True,0.5
pathway-ref_wilson_enable_cautious__digi-baseline,0.02416,2,1.99e-05,True,0.5
pathway-ref_wilson_undermine_cautious__digi-baseline,0.02426,2,0.0008046,True,0.5
pathway-ref_wilson_undermine_extreme__digi-baseline,0.02596,2,1.896e-05,True,0.5
pathway-reference__digi-none,0.02871,2,6.319e-05,True,0.5
