pathway,year,headline_kt,enable_extreme_kt,enable_cautious_kt,undermine_cautious_kt,undermine_extreme_kt,band_min_kt,band_max_kt
reference,2025,5589.765636020168,5589.765636020168,5589.765636020168,5589.765636020168,5589.765636020168,5589.765636020168,5589.765636020168
reference,2030,3274.8206353599626,3274.8206353599626,3274.8206353599626,3274.8206353599626,3274.8206353599626,3274.8206353599626,3274.8206353599626
reference,2035,1618.950285162652,1618.950285162652,1618.950285162652,1618.950285162652,1618.950285162652,1618.950285162652,1618.950285162652
reference,2040,905.2411221834896,905.2411221834896,905.2411221834896,905.2411221834896,905.2411221834896,905.2411221834896,905.2411221834896
renewables_push,2025,5589.765636020168,5589.765636020168,5589.765636020168,5589.765636020168,5589.765636020168,5589.765636020168,5589.765636020168
renewables_push,2030,2866.543011669952,2740.4151191564742,2837.8775815532526,2883.742269739972,2918.140785880011,2740.4151191564742,2918.140785880011
renewables_push,2035,671.4721146109059,612.3825685251462,658.0426723186878,679.5297799862368,695.6451107368986,612.3825685251462,695.6451107368986
renewables_push,2040,54.523605399286005,47.32648948658025,52.88789723730742,55.50503029647315,57.46788009084745,47.32648948658025,57.46788009084745
bio_bridge,2025,5589.765636020168,5589.765636020168,5589.765636020168,5589.765636020168,5589.765636020168,5589.765636020168,5589.765636020168
bio_bridge,2030,2978.240874641728,2847.198276157492,2948.458465895311,2996.1103198895785,3031.8492103852795,2847.198276157492,3031.8492103852795
bio_bridge,2035,869.5436509207132,793.0238096396904,852.1527779022989,879.9781747317618,900.8472223538589,793.0238096396904,900.8472223538589
bio_bridge,2040,317.38587057937576,275.49093566289815,307.86429446199446,323.09881624980454,334.52470759066205,275.49093566289815,334.52470759066205
