node,commodity,level,year,time,value,unit
Austria,rc_spec,useful,2025,year,1.229386863088187,GWa
Austria,rc_therm,useful,2025,year,8.383296272266234,GWa
Austria,rc_spec,useful,2030,year,1.426022153534916,GWa
Austria,rc_therm,useful,2030,year,7.622799711039669,GWa
Austria,rc_spec,useful,2035,year,1.698066816195065,GWa
Austria,rc_therm,useful,2035,year,7.035029608514276,GWa
Austria,rc_spec,useful,2040,year,2.030010784607073,GWa
Austria,rc_therm,useful,2040,year,6.573766256985666,GWa
Austria,rc_spec,useful,2045,year,2.190297330340204,GWa
Austria,rc_therm,useful,2045,year,6.573766256985666,GWa
Austria,rc_spec,useful,2050,year,2.388692965753429,GWa
Austria,rc_therm,useful,2050,year,6.573766256985666,GWa
Austria,rc_spec,useful,2055,year,2.524905604647449,GWa
Austria,rc_therm,useful,2055,year,6.573766256985666,GWa
Austria,rc_spec,useful,2060,year,2.657692707390449,GWa
Austria,rc_therm,useful,2060,year,6.573766256985666,GWa
Austria,rc_spec,useful,2070,year,2.77810981847699,GWa
Austria,rc_therm,useful,2070,year,6.573766256985666,GWa
Austria,rc_spec,useful,2080,year,3.048394136170643,GWa
Austria,rc_therm,useful,2080,year,6.573766256985666,GWa
Austria,rc_spec,useful,2090,year,3.25097653799067,GWa
Austria,rc_therm,useful,2090,year,6.573766256985666,GWa
Austria,rc_spec,useful,2100,year,3.416258657277371,GWa
Austria,rc_therm,useful,2100,year,6.573766256985666,GWa
Austria,rc_spec,useful,2110,year,3.7750359922057,GWa
Austria,rc_therm,useful,2110,year,6.573766256985666,GWa
Austria,rc_spec,useful,1990,year,1.43,GWa
Austria,rc_spec,useful,1995,year,1.6,GWa
Austria,rc_spec,useful,2000,year,1.72,GWa
Austria,rc_spec,useful,2005,year,1.83,GWa
Austria,rc_spec,useful,2010,year,1.86,GWa
Austria,rc_spec,useful,2015,year,1.83,GWa
Austria,rc_therm,useful,1990,year,5.891033228322915,GWa
Austria,rc_therm,useful,1995,year,6.913064334211296,GWa
Austria,rc_therm,useful,2000,year,7.33795367036714,GWa
Austria,rc_therm,useful,2005,year,8.40591875854264,GWa
Austria,rc_therm,useful,2010,year,8.497786723116876,GWa
Austria,rc_therm,useful,2015,year,8.509270218688656,GWa
Austria,rc_spec,useful,2020,year,1.88,GWa
Austria,rc_therm,useful,2020,year,8.509270218688656,GWa
