year,technology,value
1960,bio_ppl,0.0
1960,coal_ppl,0.0
1960,foil_ppl,0.0
1960,gas_cc,0.0
1960,gas_ct,0.0
1960,gas_ppl,0.0
1960,hydro_hc,0.0
1960,hydro_lc,0.0
1960,loil_ppl,0.0
1965,bio_ppl,0.0
1965,coal_ppl,0.0
1965,foil_ppl,0.0
1965,gas_cc,0.0
1965,gas_ct,0.0
1965,gas_ppl,0.0
1965,hydro_hc,0.0
1965,hydro_lc,0.0
1965,loil_ppl,0.0
1970,bio_ppl,0.0
1970,coal_adv,0.0
1970,coal_ppl,0.0
1970,foil_ppl,0.0
1970,gas_cc,0.0
1970,gas_ct,0.0
1970,gas_ppl,0.0
1970,hydro_hc,0.0
1970,hydro_lc,0.0
1970,loil_ppl,0.0
1975,bio_ppl,0.0
1975,coal_adv,0.0
1975,coal_ppl,0.0
1975,foil_ppl,0.0
1975,gas_cc,0.0
1975,gas_ct,0.0
1975,gas_ppl,0.0
1975,hydro_hc,0.0
1975,hydro_lc,0.0
1975,loil_ppl,0.0
1980,bio_ppl,0.0
1980,coal_adv,0.0
1980,coal_ppl,0.0
1980,foil_ppl,0.0
1980,gas_cc,0.0
1980,gas_ct,0.0
1980,gas_ppl,0.0
1980,hydro_hc,0.0
1980,hydro_lc,0.0
1980,loil_ppl,0.0
1985,bio_ppl,0.0
1985,coal_adv,0.0
1985,coal_ppl,0.0
1985,foil_ppl,0.0
1985,gas_cc,0.0
1985,gas_ct,0.0
1985,gas_ppl,0.0
1985,hydro_hc,0.0
1985,hydro_lc,0.0
1985,loil_ppl,0.0
1990,bio_ppl,0.0
1990,coal_adv,0.0
1990,coal_ppl,0.0
1990,elec_exp_eur_afr,0.0
1990,elec_exp_eurasia,0.0
1990,elec_imp_eur_afr,0.0
1990,elec_imp_eurasia,0.0
1990,foil_ppl,0.0
1990,gas_cc,0.0
1990,gas_ct,0.0
1990,gas_ppl,0.0
1990,hydro_hc,0.0
1990,hydro_lc,0.0
1990,loil_ppl,0.0
1990,solar_curtailment1,0.0
1990,solar_curtailment2,0.0
1990,solar_curtailment3,0.0
1990,solar_res1,0.0
1990,solar_res2,0.0
1990,solar_res3,0.0
1990,solar_res4,0.0
1990,solar_res5,0.0
1990,solar_res6,0.0
1990,solar_res7,0.0
1990,solar_res8,0.0
1990,stor_ppl,0.0
1990,wind_curtailment1,0.0
1990,wind_curtailment2,0.0
1990,wind_curtailment3,0.0
1990,wind_res1,0.0
1990,wind_res2,0.0
1990,wind_res3,0.0
1990,wind_res4,0.0
1995,bio_ppl,0.0
1995,coal_adv,0.0
1995,coal_ppl,0.0
1995,elec_exp_eur_afr,0.0
1995,elec_exp_eurasia,0.0
1995,elec_imp_eur_afr,0.0
1995,elec_imp_eurasia,0.0
1995,foil_ppl,0.0
1995,gas_cc,0.0
1995,gas_ct,0.0
1995,gas_ppl,0.0
1995,hydro_hc,0.0
1995,hydro_lc,0.0
1995,loil_ppl,0.0
1995,solar_curtailment1,0.0
1995,solar_curtailment2,0.0
1995,solar_curtailment3,0.0
1995,solar_res1,0.0
1995,solar_res2,0.0
1995,solar_res3,0.0
1995,solar_res4,0.0
1995,solar_res5,0.0
1995,solar_res6,0.0
1995,solar_res7,0.0
1995,solar_res8,0.0
1995,stor_ppl,0.0
1995,wind_curtailment1,0.0
1995,wind_curtailment2,0.0
1995,wind_curtailment3,0.0
1995,wind_res1,0.0
1995,wind_res2,0.0
1995,wind_res3,0.0
1995,wind_res4,0.0
2000,bio_istig,0.0
2000,bio_ppl,0.0
2000,coal_adv,0.0
2000,coal_ppl,0.0
2000,elec_exp_eur_afr,0.0
2000,elec_exp_eurasia,0.0
2000,elec_imp_eur_afr,0.0
2000,elec_imp_eurasia,0.0
2000,foil_ppl,0.0
2000,gas_cc,0.0
2000,gas_ct,0.0
2000,gas_ppl,0.0
2000,hydro_hc,0.0
2000,hydro_lc,0.0
2000,loil_ppl,0.0
2000,solar_curtailment1,0.0
2000,solar_curtailment2,0.0
2000,solar_curtailment3,0.0
2000,solar_res1,0.0
2000,solar_res2,0.0
2000,solar_res3,0.0
2000,solar_res4,0.0
2000,solar_res5,0.0
2000,solar_res6,0.0
2000,solar_res7,0.0
2000,solar_res8,0.0
2000,solar_res_hist_2000,0.0
2000,stor_ppl,0.0
2000,wind_curtailment1,0.0
2000,wind_curtailment2,0.0
2000,wind_curtailment3,0.0
2000,wind_res1,0.0
2000,wind_res2,0.0
2000,wind_res3,0.0
2000,wind_res4,0.0
2000,wind_res_hist_2000,0.0
2005,bio_istig,0.0
2005,bio_ppl,0.0
2005,coal_adv,0.0
2005,coal_ppl,0.0
2005,elec_exp_eur_afr,0.0
2005,elec_exp_eurasia,0.0
2005,elec_imp_eur_afr,0.0
2005,elec_imp_eurasia,0.0
2005,foil_ppl,0.0
2005,gas_cc,0.0
2005,gas_ct,0.0
2005,gas_ppl,0.0
2005,hydro_hc,0.0
2005,hydro_lc,0.0
2005,loil_ppl,0.0
2005,solar_curtailment1,0.0
2005,solar_curtailment2,0.0
2005,solar_curtailment3,0.0
2005,solar_res1,0.0
2005,solar_res2,0.0
2005,solar_res3,0.0
2005,solar_res4,0.0
2005,solar_res5,0.0
2005,solar_res6,0.0
2005,solar_res7,0.0
2005,solar_res8,0.0
2005,solar_res_hist_2000,0.0
2005,solar_res_hist_2005,0.0
2005,stor_ppl,0.0
2005,wind_curtailment1,0.0
2005,wind_curtailment2,0.0
2005,wind_curtailment3,0.0
2005,wind_res1,0.0
2005,wind_res2,0.0
2005,wind_res3,0.0
2005,wind_res4,0.0
2005,wind_res_hist_2000,0.0
2005,wind_res_hist_2005,0.0
2010,bio_istig,0.0
2010,bio_ppl,0.0
2010,coal_adv,0.0
2010,coal_ppl,0.0
2010,elec_exp_eur_afr,0.0
2010,elec_exp_eurasia,0.0
2010,elec_imp_eur_afr,0.0
2010,elec_imp_eurasia,0.0
2010,foil_ppl,0.0
2010,gas_cc,0.0
2010,gas_ct,0.0
2010,gas_ppl,0.0
2010,h2_elec,0.0
2010,hydro_hc,0.0
2010,hydro_lc,0.0
2010,igcc,0.0
2010,loil_cc,0.0
2010,loil_ppl,0.0
2010,solar_curtailment1,0.0
2010,solar_curtailment2,0.0
2010,solar_curtailment3,0.0
2010,solar_res1,0.0
2010,solar_res2,0.0
2010,solar_res3,0.0
2010,solar_res4,0.0
2010,solar_res5,0.0
2010,solar_res6,0.0
2010,solar_res7,0.0
2010,solar_res8,0.0
2010,solar_res_hist_2000,0.0
2010,solar_res_hist_2005,0.0
2010,solar_res_hist_2010,0.0
2010,stor_ppl,0.0
2010,wind_curtailment1,0.0
2010,wind_curtailment2,0.0
2010,wind_curtailment3,0.0
2010,wind_res1,0.0
2010,wind_res2,0.0
2010,wind_res3,0.0
2010,wind_res4,0.0
2010,wind_res_hist_2000,0.0
2010,wind_res_hist_2005,0.0
2010,wind_res_hist_2010,0.0
2015,bio_istig,0.0
2015,bio_ppl,0.0
2015,coal_adv,0.0
2015,coal_ppl,0.0
2015,elec_exp_eur_afr,0.0
2015,elec_exp_eurasia,0.0
2015,elec_imp_eur_afr,0.0
2015,elec_imp_eurasia,0.0
2015,foil_ppl,0.0
2015,gas_cc,0.0
2015,gas_ct,0.0
2015,gas_ppl,0.0
2015,h2_elec,0.0
2015,hydro_hc,0.0
2015,hydro_lc,0.0
2015,igcc,0.0
2015,loil_cc,0.0
2015,loil_ppl,0.0
2015,solar_curtailment1,0.0
2015,solar_curtailment2,0.0
2015,solar_curtailment3,0.0
2015,solar_res1,0.0
2015,solar_res2,0.0
2015,solar_res3,0.0
2015,solar_res4,0.0
2015,solar_res5,0.0
2015,solar_res6,0.0
2015,solar_res7,0.0
2015,solar_res8,0.0
2015,solar_res_hist_2000,0.0
2015,solar_res_hist_2005,0.0
2015,solar_res_hist_2010,0.0
2015,solar_res_hist_2015,0.0
2015,stor_ppl,0.0
2015,wind_curtailment1,0.0
2015,wind_curtailment2,0.0
2015,wind_curtailment3,0.0
2015,wind_res1,0.0
2015,wind_res2,0.0
2015,wind_res3,0.0
2015,wind_res4,0.0
2015,wind_res_hist_2000,0.0
2015,wind_res_hist_2005,0.0
2015,wind_res_hist_2010,0.0
2015,wind_res_hist_2015,0.0
2020,bio_istig,0.0
2020,bio_ppl,0.0
2020,coal_adv,0.0
2020,coal_ppl,0.0
2020,elec_exp_eur_afr,0.0
2020,elec_exp_eurasia,0.0
2020,elec_imp_eur_afr,0.0
2020,elec_imp_eurasia,0.0
2020,foil_ppl,0.0
2020,gas_cc,0.0
2020,gas_ct,0.0
2020,gas_ppl,0.0
2020,h2_elec,0.0
2020,hydro_hc,0.0
2020,hydro_lc,0.0
2020,igcc,0.0
2020,loil_cc,0.0
2020,loil_ppl,0.0
2020,solar_curtailment1,0.0
2020,solar_curtailment2,0.0
2020,solar_curtailment3,0.0
2020,solar_res1,0.0
2020,solar_res2,0.0
2020,solar_res3,0.0
2020,solar_res4,0.0
2020,solar_res5,0.0
2020,solar_res6,0.0
2020,solar_res7,0.0
2020,solar_res8,0.0
2020,solar_res_hist_2000,0.0
2020,solar_res_hist_2005,0.0
2020,solar_res_hist_2010,0.0
2020,solar_res_hist_2015,0.0
2020,solar_res_hist_2020,0.0
2020,stor_ppl,0.0
2020,wind_curtailment1,0.0
2020,wind_curtailment2,0.0
2020,wind_curtailment3,0.0
2020,wind_res1,0.0
2020,wind_res2,0.0
2020,wind_res3,0.0
2020,wind_res4,0.0
2020,wind_res_hist_2000,0.0
2020,wind_res_hist_2005,0.0
2020,wind_res_hist_2010,0.0
2020,wind_res_hist_2015,0.0
2020,wind_res_hist_2020,0.0
2025,bio_istig,0.0
2025,bio_ppl,0.42371137899999994
2025,coal_adv,0.0
2025,coal_ppl,0.04836387906249999
2025,elec_exp_eur_afr,0.0
2025,elec_exp_eurasia,0.0
2025,elec_imp_eur_afr,0.8967601946859585
2025,elec_imp_eurasia,0.0
2025,foil_ppl,0.0
2025,gas_cc,0.13047052698966738
2025,gas_ct,0.0
2025,gas_ppl,0.0
2025,h2_elec,0.0
2025,hydro_hc,3.965583473816308
2025,hydro_lc,0.8287165261836914
2025,igcc,0.0
2025,loil_cc,0.0
2025,loil_ppl,0.0
2025,solar_curtailment1,0.0
2025,solar_curtailment2,0.0
2025,solar_curtailment3,0.0
2025,solar_res1,0.0
2025,solar_res2,0.0
2025,solar_res3,0.0
2025,solar_res4,0.0
2025,solar_res5,0.0
2025,solar_res6,0.0
2025,solar_res7,0.0
2025,solar_res8,0.0
2025,solar_res_hist_2000,0.00036872
2025,solar_res_hist_2005,0.00203082
2025,solar_res_hist_2010,0.00773859
2025,solar_res_hist_2015,0.09683676
2025,solar_res_hist_2020,0.1262363
2025,solar_res_hist_2025,0.831941089999999
2025,stor_ppl,0.0
2025,wind_curtailment1,0.0
2025,wind_curtailment2,0.0
2025,wind_curtailment3,0.0
2025,wind_res1,0.0
2025,wind_res2,0.0
2025,wind_res3,0.0
2025,wind_res4,0.0
2025,wind_res_hist_2000,0.00761986
2025,wind_res_hist_2005,0.14435274
2025,wind_res_hist_2010,0.08363356
2025,wind_res_hist_2015,0.31694179
2025,wind_res_hist_2020,0.22274086
2025,wind_res_hist_2025,0.232574549999999
2030,bio_istig,0.0
2030,bio_ppl,0.41787378599999997
2030,coal_adv,0.0
2030,coal_ppl,0.0
2030,elec_exp_eur_afr,0.0
2030,elec_exp_eurasia,0.0
2030,elec_imp_eur_afr,0.0
2030,elec_imp_eurasia,0.0
2030,foil_ppl,0.0
2030,gas_cc,0.14277906727171147
2030,gas_ct,0.0
2030,gas_ppl,0.0
2030,h2_elec,0.0
2030,hydro_hc,3.965583473816308
2030,hydro_lc,0.8287165261836915
2030,igcc,0.0
2030,loil_cc,0.0
2030,loil_ppl,0.0
2030,solar_curtailment1,1.0721293618778565
2030,solar_curtailment2,0.6940297244733842
2030,solar_curtailment3,0.1530481023603496
2030,solar_res1,1.2557077625570776
2030,solar_res2,0.0
2030,solar_res3,0.0
2030,solar_res4,0.0
2030,solar_res5,0.0
2030,solar_res6,0.0
2030,solar_res7,0.0
2030,solar_res8,0.0
2030,solar_res_hist_2000,0.00036872
2030,solar_res_hist_2005,0.00203082
2030,solar_res_hist_2010,0.00773859
2030,solar_res_hist_2015,0.09683676
2030,solar_res_hist_2020,0.1262363
2030,solar_res_hist_2025,0.831941089999999
2030,stor_ppl,0.0
2030,wind_curtailment1,0.0
2030,wind_curtailment2,0.0
2030,wind_curtailment3,0.0
2030,wind_res1,0.0
2030,wind_res2,0.0
2030,wind_res3,0.0
2030,wind_res4,0.0
2030,wind_res_hist_2000,0.00761986
2030,wind_res_hist_2005,0.14435274
2030,wind_res_hist_2010,0.08363356
2030,wind_res_hist_2015,0.31694179
2030,wind_res_hist_2020,0.22274086
2030,wind_res_hist_2025,0.232574549999999
2035,bio_istig,0.0
2035,bio_ppl,0.35374639299999994
2035,coal_adv,0.0
2035,coal_ppl,0.0
2035,elec_exp_eur_afr,0.0
2035,elec_exp_eurasia,0.0
2035,elec_imp_eur_afr,0.0
2035,elec_imp_eurasia,0.0
2035,foil_ppl,0.0
2035,gas_cc,0.15508760755375556
2035,gas_ct,0.16994905613744624
2035,gas_ppl,0.0
2035,h2_elec,0.0
2035,hydro_hc,3.9655834738163085
2035,hydro_lc,0.8287165261836915
2035,igcc,0.0
2035,loil_cc,0.0
2035,loil_ppl,0.0
2035,solar_curtailment1,1.5599609871946132
2035,solar_curtailment2,1.1803442054997728
2035,solar_curtailment3,0.6301877812331542
2035,solar_res1,1.8835616438356164
2035,solar_res2,0.0
2035,solar_res3,0.0
2035,solar_res4,0.0
2035,solar_res5,0.0
2035,solar_res6,0.0
2035,solar_res7,0.0
2035,solar_res8,0.0
2035,solar_res_hist_2000,0.00036872
2035,solar_res_hist_2005,0.00203082
2035,solar_res_hist_2010,0.00773859
2035,solar_res_hist_2015,0.09683676
2035,solar_res_hist_2020,0.1262363
2035,solar_res_hist_2025,0.831941089999999
2035,stor_ppl,0.0
2035,wind_curtailment1,0.0
2035,wind_curtailment2,0.0
2035,wind_curtailment3,0.0
2035,wind_res1,0.0
2035,wind_res2,0.0
2035,wind_res3,0.0
2035,wind_res4,0.0
2035,wind_res_hist_2000,0.007619860000000001
2035,wind_res_hist_2005,0.14435274
2035,wind_res_hist_2010,0.08363356
2035,wind_res_hist_2015,0.31694179
2035,wind_res_hist_2020,0.22274086
2035,wind_res_hist_2025,0.232574549999999
2040,bio_istig,0.0
2040,bio_ppl,0.3505501999999999
2040,coal_adv,0.0
2040,coal_ppl,0.0
2040,elec_exp_eur_afr,0.0
2040,elec_exp_eurasia,0.0
2040,elec_imp_eur_afr,0.1010309157073803
2040,elec_imp_eurasia,0.0
2040,foil_ppl,0.0
2040,gas_cc,0.16739614783579965
2040,gas_ct,0.3602021187526625
2040,gas_ppl,0.0
2040,h2_elec,0.0
2040,hydro_hc,3.9655834738163085
2040,hydro_lc,0.8287165261836913
2040,igcc,0.0
2040,loil_cc,0.0
2040,loil_ppl,0.0
2040,solar_curtailment1,2.070786338903826
2040,solar_curtailment2,1.6786370905009271
2040,solar_curtailment3,1.1066539886200057
2040,solar_res1,2.5114155251141552
2040,solar_res2,0.0
2040,solar_res3,0.0
2040,solar_res4,0.0
2040,solar_res5,0.0
2040,solar_res6,0.0
2040,solar_res7,0.0
2040,solar_res8,0.0
2040,solar_res_hist_2000,0.00036872
2040,solar_res_hist_2005,0.0020308199999999996
2040,solar_res_hist_2010,0.00773859
2040,solar_res_hist_2015,0.09683676
2040,solar_res_hist_2020,0.1262363
2040,solar_res_hist_2025,0.831941089999999
2040,stor_ppl,0.0
2040,wind_curtailment1,0.0
2040,wind_curtailment2,0.0
2040,wind_curtailment3,0.0
2040,wind_res1,0.0
2040,wind_res2,0.0
2040,wind_res3,0.0
2040,wind_res4,0.0
2040,wind_res_hist_2000,0.007619860000000001
2040,wind_res_hist_2005,0.14435274
2040,wind_res_hist_2010,0.08363356
2040,wind_res_hist_2015,0.31694179
2040,wind_res_hist_2020,0.22274086
2040,wind_res_hist_2025,0.232574549999999
2045,bio_istig,0.0
2045,bio_ppl,0.2996292499999999
2045,coal_adv,0.0
2045,coal_ppl,0.0
2045,elec_exp_eur_afr,0.0
2045,elec_exp_eurasia,0.0
2045,elec_imp_eur_afr,0.0
2045,elec_imp_eurasia,0.0
2045,foil_ppl,0.0
2045,gas_cc,0.16739614783579965
2045,gas_ct,0.36395835602045906
2045,gas_ppl,0.0
2045,h2_elec,0.0
2045,hydro_hc,3.9655834738163085
2045,hydro_lc,0.8287165261836913
2045,igcc,0.0
2045,loil_cc,0.0
2045,loil_ppl,0.0
2045,solar_curtailment1,2.1793196176036997
2045,solar_curtailment2,1.77783718814549
2045,solar_curtailment3,1.1997011960322075
2045,solar_res1,2.5114155251141552
2045,solar_res2,0.0
2045,solar_res3,0.0
2045,solar_res4,0.0
2045,solar_res5,0.0
2045,solar_res6,0.0
2045,solar_res7,0.0
2045,solar_res8,0.0
2045,solar_res_hist_2000,0.00036872
2045,solar_res_hist_2005,0.00203082
2045,solar_res_hist_2010,0.00773859
2045,solar_res_hist_2015,0.09683676
2045,solar_res_hist_2020,0.1262363
2045,solar_res_hist_2025,0.831941089999999
2045,stor_ppl,0.0
2045,wind_curtailment1,0.0
2045,wind_curtailment2,0.0
2045,wind_curtailment3,0.0
2045,wind_res1,0.0
2045,wind_res2,0.0
2045,wind_res3,0.0
2045,wind_res4,0.0
2045,wind_res_hist_2000,0.007619860000000001
2045,wind_res_hist_2005,0.14435274
2045,wind_res_hist_2010,0.08363356
2045,wind_res_hist_2015,0.31694179
2045,wind_res_hist_2020,0.22274086
2045,wind_res_hist_2025,0.232574549999999
2050,bio_istig,0.0
2050,bio_ppl,0.20696224999999993
2050,coal_adv,0.0
2050,coal_ppl,0.0
2050,elec_exp_eur_afr,0.0
2050,elec_exp_eurasia,0.0
2050,elec_imp_eur_afr,0.03791241320601951
2050,elec_imp_eurasia,0.0
2050,foil_ppl,0.0
2050,gas_cc,0.16739614783579965
2050,gas_ct,0.40063509471415837
2050,gas_ppl,0.0
2050,h2_elec,0.0
2050,hydro_hc,3.965583473816308
2050,hydro_lc,0.8287165261836913
2050,igcc,0.0
2050,loil_cc,0.0
2050,loil_ppl,0.0
2050,solar_curtailment1,2.238116874897182
2050,solar_curtailment2,1.832320109259854
2050,solar_curtailment3,1.2518113870692102
2050,solar_res1,2.5114155251141552
2050,solar_res2,0.0
2050,solar_res3,0.0
2050,solar_res4,0.0
2050,solar_res5,0.0
2050,solar_res6,0.0
2050,solar_res7,0.0
2050,solar_res8,0.0
2050,solar_res_hist_2000,0.00036872
2050,solar_res_hist_2005,0.00203082
2050,solar_res_hist_2010,0.00773859
2050,solar_res_hist_2015,0.09683675999999998
2050,solar_res_hist_2020,0.1262363
2050,solar_res_hist_2025,0.831941089999999
2050,stor_ppl,0.0
2050,wind_curtailment1,0.0
2050,wind_curtailment2,0.0
2050,wind_curtailment3,0.0
2050,wind_res1,0.0
2050,wind_res2,0.0
2050,wind_res3,0.0
2050,wind_res4,0.0
2050,wind_res_hist_2000,0.00761986
2050,wind_res_hist_2005,0.14435274
2050,wind_res_hist_2010,0.08363356
2050,wind_res_hist_2015,0.31694179
2050,wind_res_hist_2020,0.22274086
2050,wind_res_hist_2025,0.23257454999999902
2055,bio_istig,0.0
2055,bio_ppl,0.0
2055,coal_adv,0.0
2055,coal_ppl,0.0
2055,elec_exp_eur_afr,0.0
2055,elec_exp_eurasia,0.0
2055,elec_imp_eur_afr,0.07348007206950434
2055,elec_imp_eurasia,0.0
2055,foil_ppl,0.0
2055,gas_cc,0.10405018667442131
2055,gas_ct,0.47912586311609384
2055,gas_ppl,0.0
2055,h2_elec,0.0
2055,hydro_hc,3.965583473816308
2055,hydro_lc,0.8287165261836913
2055,igcc,0.0
2055,loil_cc,0.0
2055,loil_ppl,0.0
2055,solar_curtailment1,2.342290033352178
2055,solar_curtailment2,1.9351276015927585
2055,solar_curtailment3,1.3583132047417572
2055,solar_res1,2.5114155251141552
2055,solar_res2,0.0
2055,solar_res3,0.0
2055,solar_res4,0.0
2055,solar_res5,0.0
2055,solar_res6,0.0
2055,solar_res7,0.0
2055,solar_res8,0.0
2055,solar_res_hist_2000,0.00036872
2055,solar_res_hist_2005,0.00203082
2055,solar_res_hist_2010,0.00773859
2055,solar_res_hist_2015,0.09683675999999998
2055,solar_res_hist_2020,0.1262363
2055,solar_res_hist_2025,0.831941089999999
2055,stor_ppl,0.0
2055,wind_curtailment1,0.0
2055,wind_curtailment2,0.0
2055,wind_curtailment3,0.0
2055,wind_res1,0.0
2055,wind_res2,0.0
2055,wind_res3,0.0
2055,wind_res4,0.0
2055,wind_res_hist_2000,0.007619860000000001
2055,wind_res_hist_2005,0.14435274
2055,wind_res_hist_2010,0.08363356
2055,wind_res_hist_2015,0.31694179
2055,wind_res_hist_2020,0.22274086
2055,wind_res_hist_2025,0.232574549999999
2060,bio_istig,0.0
2060,bio_ppl,0.0
2060,coal_adv,0.0
2060,coal_ppl,0.0
2060,elec_exp_eur_afr,0.0
2060,elec_exp_eurasia,0.0
2060,elec_imp_eur_afr,0.0
2060,elec_imp_eurasia,0.0
2060,foil_ppl,0.0
2060,gas_cc,0.10405018667442131
2060,gas_ct,0.4746945930874705
2060,gas_ppl,0.0
2060,h2_elec,0.0
2060,hydro_hc,3.9655834738163076
2060,hydro_lc,0.8287165261836913
2060,igcc,0.0
2060,loil_cc,0.0
2060,loil_ppl,0.0
2060,solar_curtailment1,2.3896545311597435
2060,solar_curtailment2,1.975555724919676
2060,solar_curtailment3,1.3924416200084078
2060,solar_res1,2.5114155251141552
2060,solar_res2,0.0
2060,solar_res3,0.0
2060,solar_res4,0.0
2060,solar_res5,0.0
2060,solar_res6,0.0
2060,solar_res7,0.0
2060,solar_res8,0.0
2060,solar_res_hist_2000,0.00036872
2060,solar_res_hist_2005,0.00203082
2060,solar_res_hist_2010,0.00773859
2060,solar_res_hist_2015,0.09683676
2060,solar_res_hist_2020,0.1262363
2060,solar_res_hist_2025,0.831941089999999
2060,stor_ppl,0.0
2060,wind_curtailment1,0.0
2060,wind_curtailment2,0.0
2060,wind_curtailment3,0.0
2060,wind_res1,0.0
2060,wind_res2,0.0
2060,wind_res3,0.0
2060,wind_res4,0.0
2060,wind_res_hist_2000,0.00761986
2060,wind_res_hist_2005,0.14435274
2060,wind_res_hist_2010,0.08363356
2060,wind_res_hist_2015,0.31694179
2060,wind_res_hist_2020,0.22274086
2060,wind_res_hist_2025,0.23257454999999902
2070,bio_istig,0.0
2070,bio_ppl,0.3138418025691281
2070,coal_adv,0.0
2070,coal_ppl,0.0
2070,elec_exp_eur_afr,0.0
2070,elec_exp_eurasia,0.0
2070,elec_imp_eur_afr,0.0
2070,elec_imp_eurasia,0.0
2070,foil_ppl,0.0
2070,gas_cc,0.16739614783579965
2070,gas_ct,0.39023563531846767
2070,gas_ppl,0.0
2070,h2_elec,0.0
2070,hydro_hc,3.965583473816308
2070,hydro_lc,0.8287165261836913
2070,igcc,0.0
2070,loil_cc,0.0
2070,loil_ppl,0.0
2070,solar_curtailment1,2.255472256030786
2070,solar_curtailment2,1.8394318049688494
2070,solar_curtailment3,1.246911221910389
2070,solar_res1,2.5114155251141552
2070,solar_res2,0.0
2070,solar_res3,0.0
2070,solar_res4,0.0
2070,solar_res5,0.0
2070,solar_res6,0.0
2070,solar_res7,0.0
2070,solar_res8,0.0
2070,solar_res_hist_2000,0.00036872
2070,solar_res_hist_2005,0.00203082
2070,solar_res_hist_2010,0.00773859
2070,solar_res_hist_2015,0.09683676
2070,solar_res_hist_2020,0.1262363
2070,solar_res_hist_2025,0.831941089999999
2070,stor_ppl,0.0
2070,wind_curtailment1,0.0
2070,wind_curtailment2,0.0
2070,wind_curtailment3,0.0
2070,wind_res1,0.0
2070,wind_res2,0.0
2070,wind_res3,0.0
2070,wind_res4,0.0
2070,wind_res_hist_2000,0.007619860000000001
2070,wind_res_hist_2005,0.14435274
2070,wind_res_hist_2010,0.08363356
2070,wind_res_hist_2015,0.31694179
2070,wind_res_hist_2020,0.22274086
2070,wind_res_hist_2025,0.23257454999999902
2080,bio_istig,0.0
2080,bio_ppl,2.0323155756477034
2080,coal_adv,0.0
2080,elec_exp_eur_afr,0.0
2080,elec_exp_eurasia,0.0
2080,elec_imp_eur_afr,0.0
2080,elec_imp_eurasia,0.0
2080,foil_ppl,0.0
2080,gas_cc,0.16739614783579965
2080,gas_ct,0.10708358445086574
2080,gas_ppl,0.0
2080,h2_elec,0.0
2080,hydro_hc,3.9655834738163076
2080,hydro_lc,0.8287165261836913
2080,igcc,0.0
2080,loil_cc,0.0
2080,loil_ppl,0.0
2080,solar_curtailment1,1.7761122467207615
2080,solar_curtailment2,1.3292808395181763
2080,solar_curtailment3,0.6731122922155106
2080,solar_res1,2.5114155251141552
2080,solar_res2,0.0
2080,solar_res3,0.0
2080,solar_res4,0.0
2080,solar_res5,0.0
2080,solar_res6,0.0
2080,solar_res7,0.0
2080,solar_res8,0.0
2080,solar_res_hist_2000,0.00036872
2080,solar_res_hist_2005,0.0020308199999999996
2080,solar_res_hist_2010,0.00773859
2080,solar_res_hist_2015,0.09683676
2080,solar_res_hist_2020,0.1262363
2080,solar_res_hist_2025,0.831941089999999
2080,stor_ppl,0.0
2080,wind_curtailment1,0.0
2080,wind_curtailment2,0.0
2080,wind_curtailment3,0.0
2080,wind_res1,0.0
2080,wind_res2,0.0
2080,wind_res3,0.0
2080,wind_res4,0.0
2080,wind_res_hist_2000,0.007619860000000001
2080,wind_res_hist_2005,0.14435274
2080,wind_res_hist_2010,0.08363356
2080,wind_res_hist_2015,0.31694179
2080,wind_res_hist_2020,0.22274086
2080,wind_res_hist_2025,0.23257454999999902
2090,bio_istig,0.0
2090,bio_ppl,3.2220791923631236
2090,coal_adv,0.0
2090,elec_exp_eur_afr,0.0
2090,elec_exp_eurasia,0.0
2090,elec_imp_eur_afr,0.0
2090,elec_imp_eurasia,0.0
2090,foil_ppl,0.0
2090,gas_cc,0.06334596116137833
2090,gas_ct,0.0
2090,gas_ppl,0.0
2090,h2_elec,0.0
2090,hydro_hc,3.9655834738163076
2090,hydro_lc,0.8287165261836913
2090,igcc,0.0
2090,loil_cc,0.0
2090,loil_ppl,0.0
2090,solar_curtailment1,1.3385872164047188
2090,solar_curtailment2,0.8833252666535668
2090,solar_curtailment3,0.19384104571431993
2090,solar_res1,2.5114155251141552
2090,solar_res2,0.0
2090,solar_res3,0.0
2090,solar_res4,0.0
2090,solar_res5,0.0
2090,solar_res6,0.0
2090,solar_res7,0.0
2090,solar_res8,0.0
2090,solar_res_hist_2000,0.00036872
2090,solar_res_hist_2005,0.00203082
2090,solar_res_hist_2010,0.00773859
2090,solar_res_hist_2015,0.09683675999999998
2090,solar_res_hist_2020,0.1262363
2090,solar_res_hist_2025,0.831941089999999
2090,stor_ppl,0.0
2090,wind_curtailment1,0.0
2090,wind_curtailment2,0.0
2090,wind_curtailment3,0.0
2090,wind_res1,0.0
2090,wind_res2,0.0
2090,wind_res3,0.0
2090,wind_res4,0.0
2090,wind_res_hist_2000,0.00761986
2090,wind_res_hist_2005,0.14435274
2090,wind_res_hist_2010,0.0840517277999999
2090,wind_res_hist_2015,0.31694179
2090,wind_res_hist_2020,0.22274086
2090,wind_res_hist_2025,0.232574549999999
2100,bio_istig,0.0
2100,bio_ppl,3.7360935651706773
2100,coal_adv,0.0
2100,elec_exp_eur_afr,0.0
2100,elec_exp_eurasia,0.0
2100,elec_imp_eur_afr,0.0
2100,elec_imp_eurasia,0.0
2100,foil_ppl,0.0
2100,gas_cc,0.0
2100,gas_ct,0.0
2100,gas_ppl,0.0
2100,h2_elec,0.0
2100,hydro_hc,3.965583473816308
2100,hydro_lc,0.8287165261836913
2100,igcc,0.0
2100,loil_cc,0.0
2100,loil_ppl,0.0
2100,solar_curtailment1,1.182659889117511
2100,solar_curtailment2,0.7141980551391994
2100,solar_curtailment3,0.0
2100,solar_res1,2.5114155251141552
2100,solar_res2,0.0
2100,solar_res3,0.0
2100,solar_res4,0.0
2100,solar_res5,0.0
2100,solar_res6,0.0
2100,solar_res7,0.0
2100,solar_res8,0.0
2100,solar_res_hist_2000,0.00036872
2100,solar_res_hist_2005,0.00203082
2100,solar_res_hist_2010,0.00773859
2100,solar_res_hist_2015,0.09683676
2100,solar_res_hist_2020,0.1262363
2100,solar_res_hist_2025,0.831941089999999
2100,stor_ppl,0.0
2100,wind_curtailment1,0.0
2100,wind_curtailment2,0.0
2100,wind_curtailment3,0.0
2100,wind_res1,0.0
2100,wind_res2,0.0
2100,wind_res3,0.0
2100,wind_res4,0.0
2100,wind_res_hist_2000,0.00761986
2100,wind_res_hist_2005,0.14435274
2100,wind_res_hist_2010,0.0840517277999999
2100,wind_res_hist_2015,0.31694179
2100,wind_res_hist_2020,0.22274086
2100,wind_res_hist_2025,0.23257454999999902
2110,bio_istig,0.0
2110,bio_ppl,5.384477857945578
2110,coal_adv,0.0
2110,elec_exp_eur_afr,0.0
2110,elec_exp_eurasia,0.0
2110,elec_imp_eur_afr,0.0
2110,elec_imp_eurasia,0.0
2110,foil_ppl,0.0
2110,gas_cc,0.0
2110,gas_ct,0.0
2110,gas_ppl,0.0
2110,h2_elec,0.0
2110,hydro_hc,3.9655834738163085
2110,hydro_lc,0.8287165261836911
2110,igcc,0.0
2110,loil_cc,0.0
2110,loil_ppl,0.0
2110,solar_curtailment1,0.6601109447972465
2110,solar_curtailment2,0.1524128230593712
2110,solar_curtailment3,0.0
2110,solar_res1,2.5114155251141552
2110,solar_res2,0.0
2110,solar_res3,0.0
2110,solar_res4,0.0
2110,solar_res5,0.0
2110,solar_res6,0.0
2110,solar_res7,0.0
2110,solar_res8,0.0
2110,solar_res_hist_2000,0.00036872
2110,solar_res_hist_2005,0.0020308199999999996
2110,solar_res_hist_2010,0.00773859
2110,solar_res_hist_2015,0.09683676
2110,solar_res_hist_2020,0.1262363
2110,solar_res_hist_2025,0.831941089999999
2110,stor_ppl,0.0
2110,wind_curtailment1,0.0
2110,wind_curtailment2,0.0
2110,wind_curtailment3,0.0
2110,wind_res1,0.0
2110,wind_res2,0.0
2110,wind_res3,0.0
2110,wind_res4,0.0
2110,wind_res_hist_2000,0.007619860000000001
2110,wind_res_hist_2005,0.14435274
2110,wind_res_hist_2010,0.0840517277999999
2110,wind_res_hist_2015,0.31694179
2110,wind_res_hist_2020,0.22274086
2110,wind_res_hist_2025,0.23257454999999902
