region_bld,clim,urt,inc_cl,year,value
C-AUT,Zone_4A Mixed Humid,rur,q1,2015,0.183827672
C-AUT,Zone_4A Mixed Humid,rur,q1,2020,0.207809282
C-AUT,Zone_4A Mixed Humid,rur,q1,2025,0.228956627
C-AUT,Zone_4A Mixed Humid,rur,q1,2030,0.247129809
C-AUT,Zone_4A Mixed Humid,rur,q1,2035,0.275977231
C-AUT,Zone_4A Mixed Humid,rur,q1,2040,0.297993558
C-AUT,Zone_4A Mixed Humid,rur,q1,2045,0.315813293
C-AUT,Zone_4A Mixed Humid,rur,q1,2050,0.331507237
C-AUT,Zone_4A Mixed Humid,rur,q1,2055,0.350076806
C-AUT,Zone_4A Mixed Humid,rur,q1,2060,0.359236539
C-AUT,Zone_4A Mixed Humid,rur,q1,2065,0.366655682
C-AUT,Zone_4A Mixed Humid,rur,q1,2070,0.372436474
C-AUT,Zone_4A Mixed Humid,rur,q1,2075,0.376469766
C-AUT,Zone_4A Mixed Humid,rur,q1,2080,0.378306709
C-AUT,Zone_4A Mixed Humid,rur,q1,2085,0.379734092
C-AUT,Zone_4A Mixed Humid,rur,q1,2090,0.380655826
C-AUT,Zone_4A Mixed Humid,rur,q1,2095,0.381077423
C-AUT,Zone_4A Mixed Humid,rur,q1,2100,0.381380953
C-AUT,Zone_4A Mixed Humid,rur,q2,2015,0.348507104
C-AUT,Zone_4A Mixed Humid,rur,q2,2020,0.360755142
C-AUT,Zone_4A Mixed Humid,rur,q2,2025,0.367066215
C-AUT,Zone_4A Mixed Humid,rur,q2,2030,0.372448726
C-AUT,Zone_4A Mixed Humid,rur,q2,2035,0.375997431
C-AUT,Zone_4A Mixed Humid,rur,q2,2040,0.378560728
C-AUT,Zone_4A Mixed Humid,rur,q2,2045,0.379868173
C-AUT,Zone_4A Mixed Humid,rur,q2,2050,0.380574483
C-AUT,Zone_4A Mixed Humid,rur,q2,2055,0.381243954
C-AUT,Zone_4A Mixed Humid,rur,q2,2060,0.381470195
C-AUT,Zone_4A Mixed Humid,rur,q2,2065,0.381597729
C-AUT,Zone_4A Mixed Humid,rur,q2,2070,0.381656519
C-AUT,Zone_4A Mixed Humid,rur,q2,2075,0.381692663
C-AUT,Zone_4A Mixed Humid,rur,q2,2080,0.381703861
C-AUT,Zone_4A Mixed Humid,rur,q2,2085,0.381709504
C-AUT,Zone_4A Mixed Humid,rur,q2,2090,0.381712277
C-AUT,Zone_4A Mixed Humid,rur,q2,2095,0.381713113
C-AUT,Zone_4A Mixed Humid,rur,q2,2100,0.38171352
C-AUT,Zone_4A Mixed Humid,rur,q3,2015,0.381189289
C-AUT,Zone_4A Mixed Humid,rur,q3,2020,0.381512007
C-AUT,Zone_4A Mixed Humid,rur,q3,2025,0.381637206
C-AUT,Zone_4A Mixed Humid,rur,q3,2030,0.381679212
C-AUT,Zone_4A Mixed Humid,rur,q3,2035,0.381697372
C-AUT,Zone_4A Mixed Humid,rur,q3,2040,0.381709716
C-AUT,Zone_4A Mixed Humid,rur,q3,2045,0.381712122
C-AUT,Zone_4A Mixed Humid,rur,q3,2050,0.381713111
C-AUT,Zone_4A Mixed Humid,rur,q3,2055,0.381713643
C-AUT,Zone_4A Mixed Humid,rur,q3,2060,0.381713726
C-AUT,Zone_4A Mixed Humid,rur,q3,2065,0.381713764
C-AUT,Zone_4A Mixed Humid,rur,q3,2070,0.381713772
C-AUT,Zone_4A Mixed Humid,rur,q3,2075,0.381713774
C-AUT,Zone_4A Mixed Humid,rur,q3,2080,0.381713775
C-AUT,Zone_4A Mixed Humid,rur,q3,2085,0.381713775
C-AUT,Zone_4A Mixed Humid,rur,q3,2090,0.381713775
C-AUT,Zone_4A Mixed Humid,rur,q3,2095,0.381713775
C-AUT,Zone_4A Mixed Humid,rur,q3,2100,0.381713775
C-AUT,Zone_4A Mixed Humid,urb,q1,2015,0.357592365
C-AUT,Zone_4A Mixed Humid,urb,q1,2020,0.366580374
C-AUT,Zone_4A Mixed Humid,urb,q1,2025,0.371554076
C-AUT,Zone_4A Mixed Humid,urb,q1,2030,0.374726254
C-AUT,Zone_4A Mixed Humid,urb,q1,2035,0.377267007
C-AUT,Zone_4A Mixed Humid,urb,q1,2040,0.379369803
C-AUT,Zone_4A Mixed Humid,urb,q1,2045,0.380451687
C-AUT,Zone_4A Mixed Humid,urb,q1,2050,0.380933127
C-AUT,Zone_4A Mixed Humid,urb,q1,2055,0.381346928
C-AUT,Zone_4A Mixed Humid,urb,q1,2060,0.381540477
C-AUT,Zone_4A Mixed Humid,urb,q1,2065,0.381644572
C-AUT,Zone_4A Mixed Humid,urb,q1,2070,0.381683907
C-AUT,Zone_4A Mixed Humid,urb,q1,2075,0.381702593
C-AUT,Zone_4A Mixed Humid,urb,q1,2080,0.381708595
C-AUT,Zone_4A Mixed Humid,urb,q1,2085,0.381712091
C-AUT,Zone_4A Mixed Humid,urb,q1,2090,0.381713104
C-AUT,Zone_4A Mixed Humid,urb,q1,2095,0.381713592
C-AUT,Zone_4A Mixed Humid,urb,q1,2100,0.38171373
C-AUT,Zone_4A Mixed Humid,urb,q2,2015,0.381394307
C-AUT,Zone_4A Mixed Humid,urb,q2,2020,0.381575448
C-AUT,Zone_4A Mixed Humid,urb,q2,2025,0.381650574
C-AUT,Zone_4A Mixed Humid,urb,q2,2030,0.381682445
C-AUT,Zone_4A Mixed Humid,urb,q2,2035,0.381700737
C-AUT,Zone_4A Mixed Humid,urb,q2,2040,0.381709809
C-AUT,Zone_4A Mixed Humid,urb,q2,2045,0.381712386
C-AUT,Zone_4A Mixed Humid,urb,q2,2050,0.381713278
C-AUT,Zone_4A Mixed Humid,urb,q2,2055,0.381713635
C-AUT,Zone_4A Mixed Humid,urb,q2,2060,0.381713726
C-AUT,Zone_4A Mixed Humid,urb,q2,2065,0.381713765
C-AUT,Zone_4A Mixed Humid,urb,q2,2070,0.381713773
C-AUT,Zone_4A Mixed Humid,urb,q2,2075,0.381713775
C-AUT,Zone_4A Mixed Humid,urb,q2,2080,0.381713775
C-AUT,Zone_4A Mixed Humid,urb,q2,2085,0.381713775
C-AUT,Zone_4A Mixed Humid,urb,q2,2090,0.381713775
C-AUT,Zone_4A Mixed Humid,urb,q2,2095,0.381713775
C-AUT,Zone_4A Mixed Humid,urb,q2,2100,0.381713775
C-AUT,Zone_4A Mixed Humid,urb,q3,2015,0.381713672
C-AUT,Zone_4A Mixed Humid,urb,q3,2020,0.381713754
C-AUT,Zone_4A Mixed Humid,urb,q3,2025,0.381713771
C-AUT,Zone_4A Mixed Humid,urb,q3,2030,0.381713774
C-AUT,Zone_4A Mixed Humid,urb,q3,2035,0.381713775
C-AUT,Zone_4A Mixed Humid,urb,q3,2040,0.381713775
C-AUT,Zone_4A Mixed Humid,urb,q3,2045,0.381713775
C-AUT,Zone_4A Mixed Humid,urb,q3,2050,0.381713775
C-AUT,Zone_4A Mixed Humid,urb,q3,2055,0.381713775
C-AUT,Zone_4A Mixed Humid,urb,q3,2060,0.381713775
C-AUT,Zone_4A Mixed Humid,urb,q3,2065,0.381713775
C-AUT,Zone_4A Mixed Humid,urb,q3,2070,0.381713775
C-AUT,Zone_4A Mixed Humid,urb,q3,2075,0.381713775
C-AUT,Zone_4A Mixed Humid,urb,q3,2080,0.381713775
C-AUT,Zone_4A Mixed Humid,urb,q3,2085,0.381713775
C-AUT,Zone_4A Mixed Humid,urb,q3,2090,0.381713775
C-AUT,Zone_4A Mixed Humid,urb,q3,2095,0.381713775
C-AUT,Zone_4A Mixed Humid,urb,q3,2100,0.381713775
C-AUT,Zone_5A Cool Humid,rur,q1,2015,0.115044824
C-AUT,Zone_5A Cool Humid,rur,q1,2020,0.130053229
C-AUT,Zone_5A Cool Humid,rur,q1,2025,0.143287866
C-AUT,Zone_5A Cool Humid,rur,q1,2030,0.154661184
C-AUT,Zone_5A Cool Humid,rur,q1,2035,0.172714759
C-AUT,Zone_5A Cool Humid,rur,q1,2040,0.186493231
C-AUT,Zone_5A Cool Humid,rur,q1,2045,0.197645351
C-AUT,Zone_5A Cool Humid,rur,q1,2050,0.207467088
C-AUT,Zone_5A Cool Humid,rur,q1,2055,0.219088476
C-AUT,Zone_5A Cool Humid,rur,q1,2060,0.22482091
C-AUT,Zone_5A Cool Humid,rur,q1,2065,0.22946403
C-AUT,Zone_5A Cool Humid,rur,q1,2070,0.233081822
C-AUT,Zone_5A Cool Humid,rur,q1,2075,0.235605976
C-AUT,Zone_5A Cool Humid,rur,q1,2080,0.236755589
C-AUT,Zone_5A Cool Humid,rur,q1,2085,0.237648888
C-AUT,Zone_5A Cool Humid,rur,q1,2090,0.238225737
C-AUT,Zone_5A Cool Humid,rur,q1,2095,0.238489585
C-AUT,Zone_5A Cool Humid,rur,q1,2100,0.238679543
C-AUT,Zone_5A Cool Humid,rur,q2,2015,0.218106111
C-AUT,Zone_5A Cool Humid,rur,q2,2020,0.225771296
C-AUT,Zone_5A Cool Humid,rur,q2,2025,0.229720954
C-AUT,Zone_5A Cool Humid,rur,q2,2030,0.233089489
C-AUT,Zone_5A Cool Humid,rur,q2,2035,0.235310374
C-AUT,Zone_5A Cool Humid,rur,q2,2040,0.236914562
C-AUT,Zone_5A Cool Humid,rur,q2,2045,0.2377328
C-AUT,Zone_5A Cool Humid,rur,q2,2050,0.23817483
C-AUT,Zone_5A Cool Humid,rur,q2,2055,0.238593805
C-AUT,Zone_5A Cool Humid,rur,q2,2060,0.238735393
C-AUT,Zone_5A Cool Humid,rur,q2,2065,0.238815207
C-AUT,Zone_5A Cool Humid,rur,q2,2070,0.238852
C-AUT,Zone_5A Cool Humid,rur,q2,2075,0.23887462
C-AUT,Zone_5A Cool Humid,rur,q2,2080,0.238881628
C-AUT,Zone_5A Cool Humid,rur,q2,2085,0.23888516
C-AUT,Zone_5A Cool Humid,rur,q2,2090,0.238886895
C-AUT,Zone_5A Cool Humid,rur,q2,2095,0.238887419
C-AUT,Zone_5A Cool Humid,rur,q2,2100,0.238887673
C-AUT,Zone_5A Cool Humid,rur,q3,2015,0.238559594
C-AUT,Zone_5A Cool Humid,rur,q3,2020,0.23876156
C-AUT,Zone_5A Cool Humid,rur,q3,2025,0.238839913
C-AUT,Zone_5A Cool Humid,rur,q3,2030,0.238866202
C-AUT,Zone_5A Cool Humid,rur,q3,2035,0.238877567
C-AUT,Zone_5A Cool Humid,rur,q3,2040,0.238885293
C-AUT,Zone_5A Cool Humid,rur,q3,2045,0.238886798
C-AUT,Zone_5A Cool Humid,rur,q3,2050,0.238887417
C-AUT,Zone_5A Cool Humid,rur,q3,2055,0.23888775
C-AUT,Zone_5A Cool Humid,rur,q3,2060,0.238887802
C-AUT,Zone_5A Cool Humid,rur,q3,2065,0.238887825
C-AUT,Zone_5A Cool Humid,rur,q3,2070,0.238887831
C-AUT,Zone_5A Cool Humid,rur,q3,2075,0.238887832
C-AUT,Zone_5A Cool Humid,rur,q3,2080,0.238887833
C-AUT,Zone_5A Cool Humid,rur,q3,2085,0.238887833
C-AUT,Zone_5A Cool Humid,rur,q3,2090,0.238887833
C-AUT,Zone_5A Cool Humid,rur,q3,2095,0.238887833
C-AUT,Zone_5A Cool Humid,rur,q3,2100,0.238887833
C-AUT,Zone_5A Cool Humid,urb,q1,2015,0.223791937
C-AUT,Zone_5A Cool Humid,urb,q1,2020,0.2294169
C-AUT,Zone_5A Cool Humid,urb,q1,2025,0.232529591
C-AUT,Zone_5A Cool Humid,urb,q1,2030,0.234514834
C-AUT,Zone_5A Cool Humid,urb,q1,2035,0.236104913
C-AUT,Zone_5A Cool Humid,urb,q1,2040,0.237420905
C-AUT,Zone_5A Cool Humid,urb,q1,2045,0.23809798
C-AUT,Zone_5A Cool Humid,urb,q1,2050,0.23839928
C-AUT,Zone_5A Cool Humid,urb,q1,2055,0.238658249
C-AUT,Zone_5A Cool Humid,urb,q1,2060,0.238779378
C-AUT,Zone_5A Cool Humid,urb,q1,2065,0.238844523
C-AUT,Zone_5A Cool Humid,urb,q1,2070,0.23886914
C-AUT,Zone_5A Cool Humid,urb,q1,2075,0.238880835
C-AUT,Zone_5A Cool Humid,urb,q1,2080,0.238884591
C-AUT,Zone_5A Cool Humid,urb,q1,2085,0.238886779
C-AUT,Zone_5A Cool Humid,urb,q1,2090,0.238887413
C-AUT,Zone_5A Cool Humid,urb,q1,2095,0.238887718
C-AUT,Zone_5A Cool Humid,urb,q1,2100,0.238887804
C-AUT,Zone_5A Cool Humid,urb,q2,2015,0.2386879
C-AUT,Zone_5A Cool Humid,urb,q2,2020,0.238801263
C-AUT,Zone_5A Cool Humid,urb,q2,2025,0.238848279
C-AUT,Zone_5A Cool Humid,urb,q2,2030,0.238868225
C-AUT,Zone_5A Cool Humid,urb,q2,2035,0.238879673
C-AUT,Zone_5A Cool Humid,urb,q2,2040,0.238885351
C-AUT,Zone_5A Cool Humid,urb,q2,2045,0.238886963
C-AUT,Zone_5A Cool Humid,urb,q2,2050,0.238887522
C-AUT,Zone_5A Cool Humid,urb,q2,2055,0.238887745
C-AUT,Zone_5A Cool Humid,urb,q2,2060,0.238887802
C-AUT,Zone_5A Cool Humid,urb,q2,2065,0.238887827
C-AUT,Zone_5A Cool Humid,urb,q2,2070,0.238887832
C-AUT,Zone_5A Cool Humid,urb,q2,2075,0.238887832
C-AUT,Zone_5A Cool Humid,urb,q2,2080,0.238887833
C-AUT,Zone_5A Cool Humid,urb,q2,2085,0.238887833
C-AUT,Zone_5A Cool Humid,urb,q2,2090,0.238887833
C-AUT,Zone_5A Cool Humid,urb,q2,2095,0.238887833
C-AUT,Zone_5A Cool Humid,urb,q2,2100,0.238887833
C-AUT,Zone_5A Cool Humid,urb,q3,2015,0.238887768
C-AUT,Zone_5A Cool Humid,urb,q3,2020,0.238887819
C-AUT,Zone_5A Cool Humid,urb,q3,2025,0.23888783
C-AUT,Zone_5A Cool Humid,urb,q3,2030,0.238887832
C-AUT,Zone_5A Cool Humid,urb,q3,2035,0.238887833
C-AUT,Zone_5A Cool Humid,urb,q3,2040,0.238887833
C-AUT,Zone_5A Cool Humid,urb,q3,2045,0.238887833
C-AUT,Zone_5A Cool Humid,urb,q3,2050,0.238887833
C-AUT,Zone_5A Cool Humid,urb,q3,2055,0.238887833
C-AUT,Zone_5A Cool Humid,urb,q3,2060,0.238887833
C-AUT,Zone_5A Cool Humid,urb,q3,2065,0.238887833
C-AUT,Zone_5A Cool Humid,urb,q3,2070,0.238887833
C-AUT,Zone_5A Cool Humid,urb,q3,2075,0.238887833
C-AUT,Zone_5A Cool Humid,urb,q3,2080,0.238887833
C-AUT,Zone_5A Cool Humid,urb,q3,2085,0.238887833
C-AUT,Zone_5A Cool Humid,urb,q3,2090,0.238887833
C-AUT,Zone_5A Cool Humid,urb,q3,2095,0.238887833
C-AUT,Zone_5A Cool Humid,urb,q3,2100,0.238887833
C-AUT,Zone_6A Cold Humid,rur,q1,2015,0.034434089
C-AUT,Zone_6A Cold Humid,rur,q1,2020,0.038926257
C-AUT,Zone_6A Cold Humid,rur,q1,2025,0.042887519
C-AUT,Zone_6A Cold Humid,rur,q1,2030,0.046291669
C-AUT,Zone_6A Cold Humid,rur,q1,2035,0.051695288
C-AUT,Zone_6A Cold Humid,rur,q1,2040,0.055819325
C-AUT,Zone_6A Cold Humid,rur,q1,2045,0.059157269
C-AUT,Zone_6A Cold Humid,rur,q1,2050,0.062097015
C-AUT,Zone_6A Cold Humid,rur,q1,2055,0.065575415
C-AUT,Zone_6A Cold Humid,rur,q1,2060,0.06729119
C-AUT,Zone_6A Cold Humid,rur,q1,2065,0.068680924
C-AUT,Zone_6A Cold Humid,rur,q1,2070,0.069763766
C-AUT,Zone_6A Cold Humid,rur,q1,2075,0.070519271
C-AUT,Zone_6A Cold Humid,rur,q1,2080,0.070863362
C-AUT,Zone_6A Cold Humid,rur,q1,2085,0.071130735
C-AUT,Zone_6A Cold Humid,rur,q1,2090,0.071303392
C-AUT,Zone_6A Cold Humid,rur,q1,2095,0.071382364
C-AUT,Zone_6A Cold Humid,rur,q1,2100,0.07143922
C-AUT,Zone_6A Cold Humid,rur,q2,2015,0.065281383
C-AUT,Zone_6A Cold Humid,rur,q2,2020,0.067575651
C-AUT,Zone_6A Cold Humid,rur,q2,2025,0.068757824
C-AUT,Zone_6A Cold Humid,rur,q2,2030,0.069766061
C-AUT,Zone_6A Cold Humid,rur,q2,2035,0.070430794
C-AUT,Zone_6A Cold Humid,rur,q2,2040,0.070910944
C-AUT,Zone_6A Cold Humid,rur,q2,2045,0.071155851
C-AUT,Zone_6A Cold Humid,rur,q2,2050,0.071288155
C-AUT,Zone_6A Cold Humid,rur,q2,2055,0.071413558
C-AUT,Zone_6A Cold Humid,rur,q2,2060,0.071455937
C-AUT,Zone_6A Cold Humid,rur,q2,2065,0.071479826
C-AUT,Zone_6A Cold Humid,rur,q2,2070,0.071490839
C-AUT,Zone_6A Cold Humid,rur,q2,2075,0.071497609
C-AUT,Zone_6A Cold Humid,rur,q2,2080,0.071499707
C-AUT,Zone_6A Cold Humid,rur,q2,2085,0.071500764
C-AUT,Zone_6A Cold Humid,rur,q2,2090,0.071501283
C-AUT,Zone_6A Cold Humid,rur,q2,2095,0.07150144
C-AUT,Zone_6A Cold Humid,rur,q2,2100,0.071501516
C-AUT,Zone_6A Cold Humid,rur,q3,2015,0.071403319
C-AUT,Zone_6A Cold Humid,rur,q3,2020,0.071463769
C-AUT,Zone_6A Cold Humid,rur,q3,2025,0.071487221
C-AUT,Zone_6A Cold Humid,rur,q3,2030,0.071495089
C-AUT,Zone_6A Cold Humid,rur,q3,2035,0.071498491
C-AUT,Zone_6A Cold Humid,rur,q3,2040,0.071500803
C-AUT,Zone_6A Cold Humid,rur,q3,2045,0.071501254
C-AUT,Zone_6A Cold Humid,rur,q3,2050,0.071501439
C-AUT,Zone_6A Cold Humid,rur,q3,2055,0.071501539
C-AUT,Zone_6A Cold Humid,rur,q3,2060,0.071501555
C-AUT,Zone_6A Cold Humid,rur,q3,2065,0.071501562
C-AUT,Zone_6A Cold Humid,rur,q3,2070,0.071501563
C-AUT,Zone_6A Cold Humid,rur,q3,2075,0.071501564
C-AUT,Zone_6A Cold Humid,rur,q3,2080,0.071501564
C-AUT,Zone_6A Cold Humid,rur,q3,2085,0.071501564
C-AUT,Zone_6A Cold Humid,rur,q3,2090,0.071501564
C-AUT,Zone_6A Cold Humid,rur,q3,2095,0.071501564
C-AUT,Zone_6A Cold Humid,rur,q3,2100,0.071501564
C-AUT,Zone_6A Cold Humid,urb,q1,2015,0.066983208
C-AUT,Zone_6A Cold Humid,urb,q1,2020,0.068666817
C-AUT,Zone_6A Cold Humid,urb,q1,2025,0.069598477
C-AUT,Zone_6A Cold Humid,urb,q1,2030,0.070192681
C-AUT,Zone_6A Cold Humid,urb,q1,2035,0.070668608
C-AUT,Zone_6A Cold Humid,urb,q1,2040,0.071062497
C-AUT,Zone_6A Cold Humid,urb,q1,2045,0.071265153
C-AUT,Zone_6A Cold Humid,urb,q1,2050,0.071355335
C-AUT,Zone_6A Cold Humid,urb,q1,2055,0.071432847
C-AUT,Zone_6A Cold Humid,urb,q1,2060,0.071469102
C-AUT,Zone_6A Cold Humid,urb,q1,2065,0.071488601
C-AUT,Zone_6A Cold Humid,urb,q1,2070,0.071495969
C-AUT,Zone_6A Cold Humid,urb,q1,2075,0.071499469
C-AUT,Zone_6A Cold Humid,urb,q1,2080,0.071500593
C-AUT,Zone_6A Cold Humid,urb,q1,2085,0.071501248
C-AUT,Zone_6A Cold Humid,urb,q1,2090,0.071501438
C-AUT,Zone_6A Cold Humid,urb,q1,2095,0.07150153
C-AUT,Zone_6A Cold Humid,urb,q1,2100,0.071501555
C-AUT,Zone_6A Cold Humid,urb,q2,2015,0.071441722
C-AUT,Zone_6A Cold Humid,urb,q2,2020,0.071475653
C-AUT,Zone_6A Cold Humid,urb,q2,2025,0.071489725
C-AUT,Zone_6A Cold Humid,urb,q2,2030,0.071495695
C-AUT,Zone_6A Cold Humid,urb,q2,2035,0.071499122
C-AUT,Zone_6A Cold Humid,urb,q2,2040,0.071500821
C-AUT,Zone_6A Cold Humid,urb,q2,2045,0.071501304
C-AUT,Zone_6A Cold Humid,urb,q2,2050,0.071501471
C-AUT,Zone_6A Cold Humid,urb,q2,2055,0.071501538
C-AUT,Zone_6A Cold Humid,urb,q2,2060,0.071501555
C-AUT,Zone_6A Cold Humid,urb,q2,2065,0.071501562
C-AUT,Zone_6A Cold Humid,urb,q2,2070,0.071501563
C-AUT,Zone_6A Cold Humid,urb,q2,2075,0.071501564
C-AUT,Zone_6A Cold Humid,urb,q2,2080,0.071501564
C-AUT,Zone_6A Cold Humid,urb,q2,2085,0.071501564
C-AUT,Zone_6A Cold Humid,urb,q2,2090,0.071501564
C-AUT,Zone_6A Cold Humid,urb,q2,2095,0.071501564
C-AUT,Zone_6A Cold Humid,urb,q2,2100,0.071501564
C-AUT,Zone_6A Cold Humid,urb,q3,2015,0.071501545
C-AUT,Zone_6A Cold Humid,urb,q3,2020,0.07150156
C-AUT,Zone_6A Cold Humid,urb,q3,2025,0.071501563
C-AUT,Zone_6A Cold Humid,urb,q3,2030,0.071501564
C-AUT,Zone_6A Cold Humid,urb,q3,2035,0.071501564
C-AUT,Zone_6A Cold Humid,urb,q3,2040,0.071501564
C-AUT,Zone_6A Cold Humid,urb,q3,2045,0.071501564
C-AUT,Zone_6A Cold Humid,urb,q3,2050,0.071501564
C-AUT,Zone_6A Cold Humid,urb,q3,2055,0.071501564
C-AUT,Zone_6A Cold Humid,urb,q3,2060,0.071501564
C-AUT,Zone_6A Cold Humid,urb,q3,2065,0.071501564
C-AUT,Zone_6A Cold Humid,urb,q3,2070,0.071501564
C-AUT,Zone_6A Cold Humid,urb,q3,2075,0.071501564
C-AUT,Zone_6A Cold Humid,urb,q3,2080,0.071501564
C-AUT,Zone_6A Cold Humid,urb,q3,2085,0.071501564
C-AUT,Zone_6A Cold Humid,urb,q3,2090,0.071501564
C-AUT,Zone_6A Cold Humid,urb,q3,2095,0.071501564
C-AUT,Zone_6A Cold Humid,urb,q3,2100,0.071501564
