region_gea,mat,arch,bld_age,parameter,value
AUT,sub,inf,ns,shape,2.95
AUT,sub,inf,ns,scale,150
AUT,perm,mfh,p1,shape,2.95
AUT,perm,mfh,p1,scale,150
AUT,perm,sfh,p1,shape,2.95
AUT,perm,sfh,p1,scale,150
AUT,perm,mfh,p2,shape,2.95
AUT,perm,mfh,p2,scale,70.82
AUT,perm,sfh,p2,shape,2.95
AUT,perm,sfh,p2,scale,70.82
AUT,perm,mfh,p3,shape,2.95
AUT,perm,mfh,p3,scale,70.82
AUT,perm,sfh,p3,shape,2.95
AUT,perm,sfh,p3,scale,70.82
AUT,perm,mfh,p5,shape,2.95
AUT,perm,mfh,p5,scale,70.82
AUT,perm,sfh,p5,shape,2.95
AUT,perm,sfh,p5,scale,70.82
