region_gea,urt,mat,arch,year,value
AUT,rur,perm,sfh,2015,0.961316338
AUT,rur,perm,sfh,2020,0.961316338
AUT,rur,perm,sfh,2025,0.961316338
AUT,rur,perm,sfh,2030,0.961316338
AUT,rur,perm,sfh,2035,0.961316338
AUT,rur,perm,sfh,2040,0.961316338
AUT,rur,perm,sfh,2045,0.961316338
AUT,rur,perm,sfh,2050,0.961316338
AUT,rur,perm,sfh,2055,0.961316338
AUT,rur,perm,sfh,2060,0.961316338
AUT,rur,perm,sfh,2065,0.961316338
AUT,rur,perm,sfh,2070,0.961316338
AUT,rur,perm,sfh,2075,0.961316338
AUT,rur,perm,sfh,2080,0.961316338
AUT,rur,perm,sfh,2085,0.961316338
AUT,rur,perm,sfh,2090,0.961316338
AUT,rur,perm,sfh,2095,0.961316338
AUT,rur,perm,sfh,2100,0.961316338
AUT,rur,perm,mfh,2015,0.038683662
AUT,rur,perm,mfh,2020,0.038683662
AUT,rur,perm,mfh,2025,0.038683662
AUT,rur,perm,mfh,2030,0.038683662
AUT,rur,perm,mfh,2035,0.038683662
AUT,rur,perm,mfh,2040,0.038683662
AUT,rur,perm,mfh,2045,0.038683662
AUT,rur,perm,mfh,2050,0.038683662
AUT,rur,perm,mfh,2055,0.038683662
AUT,rur,perm,mfh,2060,0.038683662
AUT,rur,perm,mfh,2065,0.038683662
AUT,rur,perm,mfh,2070,0.038683662
AUT,rur,perm,mfh,2075,0.038683662
AUT,rur,perm,mfh,2080,0.038683662
AUT,rur,perm,mfh,2085,0.038683662
AUT,rur,perm,mfh,2090,0.038683662
AUT,rur,perm,mfh,2095,0.038683662
AUT,rur,perm,mfh,2100,0.038683662
AUT,rur,sub,inf,2015,1
AUT,rur,sub,inf,2020,1
AUT,rur,sub,inf,2025,1
AUT,rur,sub,inf,2030,1
AUT,rur,sub,inf,2035,1
AUT,rur,sub,inf,2040,1
AUT,rur,sub,inf,2045,1
AUT,rur,sub,inf,2050,1
AUT,rur,sub,inf,2055,1
AUT,rur,sub,inf,2060,1
AUT,rur,sub,inf,2065,1
AUT,rur,sub,inf,2070,1
AUT,rur,sub,inf,2075,1
AUT,rur,sub,inf,2080,1
AUT,rur,sub,inf,2085,1
AUT,rur,sub,inf,2090,1
AUT,rur,sub,inf,2095,1
AUT,rur,sub,inf,2100,1
AUT,urb,perm,sfh,2015,0.474132962
AUT,urb,perm,sfh,2020,0.474132962
AUT,urb,perm,sfh,2025,0.474132962
AUT,urb,perm,sfh,2030,0.474132962
AUT,urb,perm,sfh,2035,0.474132962
AUT,urb,perm,sfh,2040,0.474132962
AUT,urb,perm,sfh,2045,0.474132962
AUT,urb,perm,sfh,2050,0.474132962
AUT,urb,perm,sfh,2055,0.474132962
AUT,urb,perm,sfh,2060,0.474132962
AUT,urb,perm,sfh,2065,0.474132962
AUT,urb,perm,sfh,2070,0.474132962
AUT,urb,perm,sfh,2075,0.474132962
AUT,urb,perm,sfh,2080,0.474132962
AUT,urb,perm,sfh,2085,0.474132962
AUT,urb,perm,sfh,2090,0.474132962
AUT,urb,perm,sfh,2095,0.474132962
AUT,urb,perm,sfh,2100,0.474132962
AUT,urb,perm,mfh,2015,0.525867038
AUT,urb,perm,mfh,2020,0.525867038
AUT,urb,perm,mfh,2025,0.525867038
AUT,urb,perm,mfh,2030,0.525867038
AUT,urb,perm,mfh,2035,0.525867038
AUT,urb,perm,mfh,2040,0.525867038
AUT,urb,perm,mfh,2045,0.525867038
AUT,urb,perm,mfh,2050,0.525867038
AUT,urb,perm,mfh,2055,0.525867038
AUT,urb,perm,mfh,2060,0.525867038
AUT,urb,perm,mfh,2065,0.525867038
AUT,urb,perm,mfh,2070,0.525867038
AUT,urb,perm,mfh,2075,0.525867038
AUT,urb,perm,mfh,2080,0.525867038
AUT,urb,perm,mfh,2085,0.525867038
AUT,urb,perm,mfh,2090,0.525867038
AUT,urb,perm,mfh,2095,0.525867038
AUT,urb,perm,mfh,2100,0.525867038
AUT,urb,sub,inf,2015,1
AUT,urb,sub,inf,2020,1
AUT,urb,sub,inf,2025,1
AUT,urb,sub,inf,2030,1
AUT,urb,sub,inf,2035,1
AUT,urb,sub,inf,2040,1
AUT,urb,sub,inf,2045,1
AUT,urb,sub,inf,2050,1
AUT,urb,sub,inf,2055,1
AUT,urb,sub,inf,2060,1
AUT,urb,sub,inf,2065,1
AUT,urb,sub,inf,2070,1
AUT,urb,sub,inf,2075,1
AUT,urb,sub,inf,2080,1
AUT,urb,sub,inf,2085,1
AUT,urb,sub,inf,2090,1
AUT,urb,sub,inf,2095,1
AUT,urb,sub,inf,2100,1
