region_gea,eneff,mat,eneff_f,year,value
AUT,s1,perm,s1,2020,0
AUT,s1,perm,s1,2025,0
AUT,s1,perm,s1,2030,0
AUT,s1,perm,s1,2035,0
AUT,s1,perm,s1,2040,0
AUT,s1,perm,s1,2045,0
AUT,s1,perm,s1,2050,0
AUT,s1,perm,s1,2055,0
AUT,s1,perm,s1,2060,0
AUT,s1,perm,s1,2065,0
AUT,s1,perm,s1,2070,0
AUT,s1,perm,s1,2075,0
AUT,s1,perm,s1,2080,0
AUT,s1,perm,s1,2085,0
AUT,s1,perm,s1,2090,0
AUT,s1,perm,s1,2095,0
AUT,s1,perm,s1,2100,0
AUT,s1,perm,sr11_std,2020,750
AUT,s1,perm,sr11_std,2025,750
AUT,s1,perm,sr11_std,2030,750
AUT,s1,perm,sr11_std,2035,750
AUT,s1,perm,sr11_std,2040,750
AUT,s1,perm,sr11_std,2045,750
AUT,s1,perm,sr11_std,2050,750
AUT,s1,perm,sr11_std,2055,750
AUT,s1,perm,sr11_std,2060,750
AUT,s1,perm,sr11_std,2065,750
AUT,s1,perm,sr11_std,2070,750
AUT,s1,perm,sr11_std,2075,750
AUT,s1,perm,sr11_std,2080,750
AUT,s1,perm,sr11_std,2085,750
AUT,s1,perm,sr11_std,2090,750
AUT,s1,perm,sr11_std,2095,750
AUT,s1,perm,sr11_std,2100,750
AUT,s1,perm,sr12_low,2020,750
AUT,s1,perm,sr12_low,2025,750
AUT,s1,perm,sr12_low,2030,750
AUT,s1,perm,sr12_low,2035,750
AUT,s1,perm,sr12_low,2040,750
AUT,s1,perm,sr12_low,2045,750
AUT,s1,perm,sr12_low,2050,750
AUT,s1,perm,sr12_low,2055,750
AUT,s1,perm,sr12_low,2060,750
AUT,s1,perm,sr12_low,2065,750
AUT,s1,perm,sr12_low,2070,750
AUT,s1,perm,sr12_low,2075,750
AUT,s1,perm,sr12_low,2080,750
AUT,s1,perm,sr12_low,2085,750
AUT,s1,perm,sr12_low,2090,750
AUT,s1,perm,sr12_low,2095,750
AUT,s1,perm,sr12_low,2100,750
AUT,s2,perm,s2,2020,0
AUT,s2,perm,s2,2025,0
AUT,s2,perm,s2,2030,0
AUT,s2,perm,s2,2035,0
AUT,s2,perm,s2,2040,0
AUT,s2,perm,s2,2045,0
AUT,s2,perm,s2,2050,0
AUT,s2,perm,s2,2055,0
AUT,s2,perm,s2,2060,0
AUT,s2,perm,s2,2065,0
AUT,s2,perm,s2,2070,0
AUT,s2,perm,s2,2075,0
AUT,s2,perm,s2,2080,0
AUT,s2,perm,s2,2085,0
AUT,s2,perm,s2,2090,0
AUT,s2,perm,s2,2095,0
AUT,s2,perm,s2,2100,0
AUT,s2,perm,sr21_std,2020,750
AUT,s2,perm,sr21_std,2025,750
AUT,s2,perm,sr21_std,2030,750
AUT,s2,perm,sr21_std,2035,750
AUT,s2,perm,sr21_std,2040,750
AUT,s2,perm,sr21_std,2045,750
AUT,s2,perm,sr21_std,2050,750
AUT,s2,perm,sr21_std,2055,750
AUT,s2,perm,sr21_std,2060,750
AUT,s2,perm,sr21_std,2065,750
AUT,s2,perm,sr21_std,2070,750
AUT,s2,perm,sr21_std,2075,750
AUT,s2,perm,sr21_std,2080,750
AUT,s2,perm,sr21_std,2085,750
AUT,s2,perm,sr21_std,2090,750
AUT,s2,perm,sr21_std,2095,750
AUT,s2,perm,sr21_std,2100,750
AUT,s2,perm,sr22_low,2020,750
AUT,s2,perm,sr22_low,2025,750
AUT,s2,perm,sr22_low,2030,750
AUT,s2,perm,sr22_low,2035,750
AUT,s2,perm,sr22_low,2040,750
AUT,s2,perm,sr22_low,2045,750
AUT,s2,perm,sr22_low,2050,750
AUT,s2,perm,sr22_low,2055,750
AUT,s2,perm,sr22_low,2060,750
AUT,s2,perm,sr22_low,2065,750
AUT,s2,perm,sr22_low,2070,750
AUT,s2,perm,sr22_low,2075,750
AUT,s2,perm,sr22_low,2080,750
AUT,s2,perm,sr22_low,2085,750
AUT,s2,perm,sr22_low,2090,750
AUT,s2,perm,sr22_low,2095,750
AUT,s2,perm,sr22_low,2100,750
AUT,s3,perm,s3,2020,0
AUT,s3,perm,s3,2025,0
AUT,s3,perm,s3,2030,0
AUT,s3,perm,s3,2035,0
AUT,s3,perm,s3,2040,0
AUT,s3,perm,s3,2045,0
AUT,s3,perm,s3,2050,0
AUT,s3,perm,s3,2055,0
AUT,s3,perm,s3,2060,0
AUT,s3,perm,s3,2065,0
AUT,s3,perm,s3,2070,0
AUT,s3,perm,s3,2075,0
AUT,s3,perm,s3,2080,0
AUT,s3,perm,s3,2085,0
AUT,s3,perm,s3,2090,0
AUT,s3,perm,s3,2095,0
AUT,s3,perm,s3,2100,0
AUT,s3,perm,sr31_std,2020,750
AUT,s3,perm,sr31_std,2025,750
AUT,s3,perm,sr31_std,2030,750
AUT,s3,perm,sr31_std,2035,750
AUT,s3,perm,sr31_std,2040,750
AUT,s3,perm,sr31_std,2045,750
AUT,s3,perm,sr31_std,2050,750
AUT,s3,perm,sr31_std,2055,750
AUT,s3,perm,sr31_std,2060,750
AUT,s3,perm,sr31_std,2065,750
AUT,s3,perm,sr31_std,2070,750
AUT,s3,perm,sr31_std,2075,750
AUT,s3,perm,sr31_std,2080,750
AUT,s3,perm,sr31_std,2085,750
AUT,s3,perm,sr31_std,2090,750
AUT,s3,perm,sr31_std,2095,750
AUT,s3,perm,sr31_std,2100,750
AUT,s3,perm,sr32_low,2020,750
AUT,s3,perm,sr32_low,2025,750
AUT,s3,perm,sr32_low,2030,750
AUT,s3,perm,sr32_low,2035,750
AUT,s3,perm,sr32_low,2040,750
AUT,s3,perm,sr32_low,2045,750
AUT,s3,perm,sr32_low,2050,750
AUT,s3,perm,sr32_low,2055,750
AUT,s3,perm,sr32_low,2060,750
AUT,s3,perm,sr32_low,2065,750
AUT,s3,perm,sr32_low,2070,750
AUT,s3,perm,sr32_low,2075,750
AUT,s3,perm,sr32_low,2080,750
AUT,s3,perm,sr32_low,2085,750
AUT,s3,perm,sr32_low,2090,750
AUT,s3,perm,sr32_low,2095,750
AUT,s3,perm,sr32_low,2100,750
