region_gea,eneff,eneff_f,year,value
AUT,s1,s1,2020,0
AUT,s1,s1,2025,0
AUT,s1,s1,2030,0
AUT,s1,s1,2035,0
AUT,s1,s1,2040,0
AUT,s1,s1,2045,0
AUT,s1,s1,2050,0
AUT,s1,s1,2055,0
AUT,s1,s1,2060,0
AUT,s1,s1,2065,0
AUT,s1,s1,2070,0
AUT,s1,s1,2075,0
AUT,s1,s1,2080,0
AUT,s1,s1,2085,0
AUT,s1,s1,2090,0
AUT,s1,s1,2095,0
AUT,s1,s1,2100,0
AUT,s1,sr11_std,2020,487.1747952
AUT,s1,sr11_std,2025,487.1747952
AUT,s1,sr11_std,2030,487.1747952
AUT,s1,sr11_std,2035,487.1747952
AUT,s1,sr11_std,2040,487.1747952
AUT,s1,sr11_std,2045,487.1747952
AUT,s1,sr11_std,2050,487.1747952
AUT,s1,sr11_std,2055,487.1747952
AUT,s1,sr11_std,2060,487.1747952
AUT,s1,sr11_std,2065,487.1747952
AUT,s1,sr11_std,2070,487.1747952
AUT,s1,sr11_std,2075,487.1747952
AUT,s1,sr11_std,2080,487.1747952
AUT,s1,sr11_std,2085,487.1747952
AUT,s1,sr11_std,2090,487.1747952
AUT,s1,sr11_std,2095,487.1747952
AUT,s1,sr11_std,2100,487.1747952
AUT,s1,sr12_low,2020,730.7621928
AUT,s1,sr12_low,2025,730.7621928
AUT,s1,sr12_low,2030,730.7621928
AUT,s1,sr12_low,2035,730.7621928
AUT,s1,sr12_low,2040,730.7621928
AUT,s1,sr12_low,2045,730.7621928
AUT,s1,sr12_low,2050,730.7621928
AUT,s1,sr12_low,2055,730.7621928
AUT,s1,sr12_low,2060,730.7621928
AUT,s1,sr12_low,2065,730.7621928
AUT,s1,sr12_low,2070,730.7621928
AUT,s1,sr12_low,2075,730.7621928
AUT,s1,sr12_low,2080,730.7621928
AUT,s1,sr12_low,2085,730.7621928
AUT,s1,sr12_low,2090,730.7621928
AUT,s1,sr12_low,2095,730.7621928
AUT,s1,sr12_low,2100,730.7621928
AUT,s2,s2,2020,0
AUT,s2,s2,2025,0
AUT,s2,s2,2030,0
AUT,s2,s2,2035,0
AUT,s2,s2,2040,0
AUT,s2,s2,2045,0
AUT,s2,s2,2050,0
AUT,s2,s2,2055,0
AUT,s2,s2,2060,0
AUT,s2,s2,2065,0
AUT,s2,s2,2070,0
AUT,s2,s2,2075,0
AUT,s2,s2,2080,0
AUT,s2,s2,2085,0
AUT,s2,s2,2090,0
AUT,s2,s2,2095,0
AUT,s2,s2,2100,0
AUT,s2,sr21_std,2020,487.1747952
AUT,s2,sr21_std,2025,487.1747952
AUT,s2,sr21_std,2030,487.1747952
AUT,s2,sr21_std,2035,487.1747952
AUT,s2,sr21_std,2040,487.1747952
AUT,s2,sr21_std,2045,487.1747952
AUT,s2,sr21_std,2050,487.1747952
AUT,s2,sr21_std,2055,487.1747952
AUT,s2,sr21_std,2060,487.1747952
AUT,s2,sr21_std,2065,487.1747952
AUT,s2,sr21_std,2070,487.1747952
AUT,s2,sr21_std,2075,487.1747952
AUT,s2,sr21_std,2080,487.1747952
AUT,s2,sr21_std,2085,487.1747952
AUT,s2,sr21_std,2090,487.1747952
AUT,s2,sr21_std,2095,487.1747952
AUT,s2,sr21_std,2100,487.1747952
AUT,s2,sr22_low,2020,730.7621928
AUT,s2,sr22_low,2025,730.7621928
AUT,s2,sr22_low,2030,730.7621928
AUT,s2,sr22_low,2035,730.7621928
AUT,s2,sr22_low,2040,730.7621928
AUT,s2,sr22_low,2045,730.7621928
AUT,s2,sr22_low,2050,730.7621928
AUT,s2,sr22_low,2055,730.7621928
AUT,s2,sr22_low,2060,730.7621928
AUT,s2,sr22_low,2065,730.7621928
AUT,s2,sr22_low,2070,730.7621928
AUT,s2,sr22_low,2075,730.7621928
AUT,s2,sr22_low,2080,730.7621928
AUT,s2,sr22_low,2085,730.7621928
AUT,s2,sr22_low,2090,730.7621928
AUT,s2,sr22_low,2095,730.7621928
AUT,s2,sr22_low,2100,730.7621928
AUT,s3,s3,2020,0
AUT,s3,s3,2025,0
AUT,s3,s3,2030,0
AUT,s3,s3,2035,0
AUT,s3,s3,2040,0
AUT,s3,s3,2045,0
AUT,s3,s3,2050,0
AUT,s3,s3,2055,0
AUT,s3,s3,2060,0
AUT,s3,s3,2065,0
AUT,s3,s3,2070,0
AUT,s3,s3,2075,0
AUT,s3,s3,2080,0
AUT,s3,s3,2085,0
AUT,s3,s3,2090,0
AUT,s3,s3,2095,0
AUT,s3,s3,2100,0
AUT,s3,sr31_std,2020,487.1747952
AUT,s3,sr31_std,2025,487.1747952
AUT,s3,sr31_std,2030,487.1747952
AUT,s3,sr31_std,2035,487.1747952
AUT,s3,sr31_std,2040,487.1747952
AUT,s3,sr31_std,2045,487.1747952
AUT,s3,sr31_std,2050,487.1747952
AUT,s3,sr31_std,2055,487.1747952
AUT,s3,sr31_std,2060,487.1747952
AUT,s3,sr31_std,2065,487.1747952
AUT,s3,sr31_std,2070,487.1747952
AUT,s3,sr31_std,2075,487.1747952
AUT,s3,sr31_std,2080,487.1747952
AUT,s3,sr31_std,2085,487.1747952
AUT,s3,sr31_std,2090,487.1747952
AUT,s3,sr31_std,2095,487.1747952
AUT,s3,sr31_std,2100,487.1747952
AUT,s3,sr32_low,2020,730.7621928
AUT,s3,sr32_low,2025,730.7621928
AUT,s3,sr32_low,2030,730.7621928
AUT,s3,sr32_low,2035,730.7621928
AUT,s3,sr32_low,2040,730.7621928
AUT,s3,sr32_low,2045,730.7621928
AUT,s3,sr32_low,2050,730.7621928
AUT,s3,sr32_low,2055,730.7621928
AUT,s3,sr32_low,2060,730.7621928
AUT,s3,sr32_low,2065,730.7621928
AUT,s3,sr32_low,2070,730.7621928
AUT,s3,sr32_low,2075,730.7621928
AUT,s3,sr32_low,2080,730.7621928
AUT,s3,sr32_low,2085,730.7621928
AUT,s3,sr32_low,2090,730.7621928
AUT,s3,sr32_low,2095,730.7621928
AUT,s3,sr32_low,2100,730.7621928
