region_gea,fuel_heat_f,year,value
AUT,electricity,2020,8806.4172
AUT,electricity,2025,8586.25677
AUT,electricity,2030,8366.09634
AUT,electricity,2035,8145.93591
AUT,electricity,2040,7925.77548
AUT,electricity,2045,7705.61505
AUT,electricity,2050,7485.45462
AUT,electricity,2055,7485.45462
AUT,electricity,2060,7485.45462
AUT,electricity,2065,7485.45462
AUT,electricity,2070,7485.45462
AUT,electricity,2075,7485.45462
AUT,electricity,2080,7485.45462
AUT,electricity,2085,7485.45462
AUT,electricity,2090,7485.45462
AUT,electricity,2095,7485.45462
AUT,electricity,2100,7485.45462
AUT,gas,2020,6528.31977
AUT,gas,2025,6528.31977
AUT,gas,2030,6528.31977
AUT,gas,2035,6528.31977
AUT,gas,2040,6528.31977
AUT,gas,2045,6528.31977
AUT,gas,2050,6528.31977
AUT,gas,2055,6528.31977
AUT,gas,2060,6528.31977
AUT,gas,2065,6528.31977
AUT,gas,2070,6528.31977
AUT,gas,2075,6528.31977
AUT,gas,2080,6528.31977
AUT,gas,2085,6528.31977
AUT,gas,2090,6528.31977
AUT,gas,2095,6528.31977
AUT,gas,2100,6528.31977
AUT,elec_hp,2020,8806.4172
AUT,elec_hp,2025,8586.25677
AUT,elec_hp,2030,8366.09634
AUT,elec_hp,2035,8145.93591
AUT,elec_hp,2040,7925.77548
AUT,elec_hp,2045,7705.61505
AUT,elec_hp,2050,7485.45462
AUT,elec_hp,2055,7485.45462
AUT,elec_hp,2060,7485.45462
AUT,elec_hp,2065,7485.45462
AUT,elec_hp,2070,7485.45462
AUT,elec_hp,2075,7485.45462
AUT,elec_hp,2080,7485.45462
AUT,elec_hp,2085,7485.45462
AUT,elec_hp,2090,7485.45462
AUT,elec_hp,2095,7485.45462
AUT,elec_hp,2100,7485.45462
AUT,district_heat,2020,6528.31977
AUT,district_heat,2025,6528.31977
AUT,district_heat,2030,6528.31977
AUT,district_heat,2035,6528.31977
AUT,district_heat,2040,6528.31977
AUT,district_heat,2045,6528.31977
AUT,district_heat,2050,6528.31977
AUT,district_heat,2055,6528.31977
AUT,district_heat,2060,6528.31977
AUT,district_heat,2065,6528.31977
AUT,district_heat,2070,6528.31977
AUT,district_heat,2075,6528.31977
AUT,district_heat,2080,6528.31977
AUT,district_heat,2085,6528.31977
AUT,district_heat,2090,6528.31977
AUT,district_heat,2095,6528.31977
AUT,district_heat,2100,6528.31977
