region_gea,eneff,year,value
AUT,s51_std,2020,1614.587258
AUT,s51_std,2025,1614.587258
AUT,s51_std,2030,1614.587258
AUT,s51_std,2035,1614.587258
AUT,s51_std,2040,1614.587258
AUT,s51_std,2045,1614.587258
AUT,s51_std,2050,1614.587258
AUT,s51_std,2055,1614.587258
AUT,s51_std,2060,1614.587258
AUT,s51_std,2065,1614.587258
AUT,s51_std,2070,1614.587258
AUT,s51_std,2075,1614.587258
AUT,s51_std,2080,1614.587258
AUT,s51_std,2085,1614.587258
AUT,s51_std,2090,1614.587258
AUT,s51_std,2095,1614.587258
AUT,s51_std,2100,1614.587258
AUT,s52_low,2020,1937.504709
AUT,s52_low,2025,1937.504709
AUT,s52_low,2030,1937.504709
AUT,s52_low,2035,1937.504709
AUT,s52_low,2040,1937.504709
AUT,s52_low,2045,1937.504709
AUT,s52_low,2050,1937.504709
AUT,s52_low,2055,1937.504709
AUT,s52_low,2060,1937.504709
AUT,s52_low,2065,1937.504709
AUT,s52_low,2070,1937.504709
AUT,s52_low,2075,1937.504709
AUT,s52_low,2080,1937.504709
AUT,s52_low,2085,1937.504709
AUT,s52_low,2090,1937.504709
AUT,s52_low,2095,1937.504709
AUT,s52_low,2100,1937.504709
