mat,fuel_heat_i,fuel_heat_f,value
perm,biomass_solid,biomass_solid,0
perm,biomass_solid,electricity,0
perm,coal,coal,0
perm,coal,electricity,0
perm,electricity,electricity,1
perm,gas,gas,0
perm,gas,electricity,0
perm,oil,oil,0
perm,oil,electricity,0
sub,electricity,electricity,0
perm,biomass_solid,elec_hp,1
perm,coal,elec_hp,1
perm,electricity,elec_hp,1
perm,gas,elec_hp,1
perm,oil,elec_hp,1
perm,district_heat,elec_hp,1
perm,elec_hp,elec_hp,1
perm,biomass_solid,district_heat,1
perm,coal,district_heat,1
perm,electricity,district_heat,1
perm,gas,district_heat,1
perm,oil,district_heat,1
perm,district_heat,district_heat,1
