eneff,region_gea,fuel_heat,year,value
ns,AUT,biomass_solid,2015,0.7
ns,AUT,biomass_solid,2020,0.7
ns,AUT,biomass_solid,2025,0.7
ns,AUT,biomass_solid,2030,0.7
ns,AUT,biomass_solid,2035,0.7
ns,AUT,biomass_solid,2040,0.7
ns,AUT,biomass_solid,2045,0.7
ns,AUT,biomass_solid,2050,0.7
ns,AUT,biomass_solid,2055,0.7
ns,AUT,biomass_solid,2060,0.7
ns,AUT,biomass_solid,2065,0.7
ns,AUT,biomass_solid,2070,0.7
ns,AUT,biomass_solid,2075,0.7
ns,AUT,biomass_solid,2080,0.7
ns,AUT,biomass_solid,2085,0.7
ns,AUT,biomass_solid,2090,0.7
ns,AUT,biomass_solid,2095,0.7
ns,AUT,biomass_solid,2100,0.7
ns,AUT,coal,2015,0.75
ns,AUT,coal,2020,0.75
ns,AUT,coal,2025,0.75
ns,AUT,coal,2030,0.75
ns,AUT,coal,2035,0.75
ns,AUT,coal,2040,0.75
ns,AUT,coal,2045,0.75
ns,AUT,coal,2050,0.75
ns,AUT,coal,2055,0.75
ns,AUT,coal,2060,0.75
ns,AUT,coal,2065,0.75
ns,AUT,coal,2070,0.75
ns,AUT,coal,2075,0.75
ns,AUT,coal,2080,0.75
ns,AUT,coal,2085,0.75
ns,AUT,coal,2090,0.75
ns,AUT,coal,2095,0.75
ns,AUT,coal,2100,0.75
ns,AUT,district_heat,2015,0.98
ns,AUT,district_heat,2020,0.98
ns,AUT,district_heat,2025,0.98
ns,AUT,district_heat,2030,0.98
ns,AUT,district_heat,2035,0.98
ns,AUT,district_heat,2040,0.98
ns,AUT,district_heat,2045,0.98
ns,AUT,district_heat,2050,0.98
ns,AUT,district_heat,2055,0.98
ns,AUT,district_heat,2060,0.98
ns,AUT,district_heat,2065,0.98
ns,AUT,district_heat,2070,0.98
ns,AUT,district_heat,2075,0.98
ns,AUT,district_heat,2080,0.98
ns,AUT,district_heat,2085,0.98
ns,AUT,district_heat,2090,0.98
ns,AUT,district_heat,2095,0.98
ns,AUT,district_heat,2100,0.98
ns,AUT,electricity,2015,1
ns,AUT,elec_hp,2015,2.5
ns,AUT,electricity,2020,1
ns,AUT,elec_hp,2020,2.5
ns,AUT,electricity,2025,1
ns,AUT,elec_hp,2025,2.5
ns,AUT,electricity,2030,1
ns,AUT,elec_hp,2030,2.5
ns,AUT,electricity,2035,1
ns,AUT,elec_hp,2035,2.5
ns,AUT,electricity,2040,1
ns,AUT,elec_hp,2040,2.5
ns,AUT,electricity,2045,1
ns,AUT,elec_hp,2045,2.5
ns,AUT,electricity,2050,1
ns,AUT,elec_hp,2050,2.5
ns,AUT,electricity,2055,1
ns,AUT,elec_hp,2055,2.5
ns,AUT,electricity,2060,1
ns,AUT,elec_hp,2060,2.5
ns,AUT,electricity,2065,1
ns,AUT,elec_hp,2065,2.5
ns,AUT,electricity,2070,1
ns,AUT,elec_hp,2070,2.5
ns,AUT,electricity,2075,1
ns,AUT,elec_hp,2075,2.5
ns,AUT,electricity,2080,1
ns,AUT,elec_hp,2080,2.5
ns,AUT,electricity,2085,1
ns,AUT,elec_hp,2085,2.5
ns,AUT,electricity,2090,1
ns,AUT,elec_hp,2090,2.5
ns,AUT,electricity,2095,1
ns,AUT,elec_hp,2095,2.5
ns,AUT,electricity,2100,1
ns,AUT,elec_hp,2100,2.5
ns,AUT,gas,2015,0.75
ns,AUT,gas,2020,0.75
ns,AUT,gas,2025,0.75
ns,AUT,gas,2030,0.75
ns,AUT,gas,2035,0.75
ns,AUT,gas,2040,0.75
ns,AUT,gas,2045,0.75
ns,AUT,gas,2050,0.75
ns,AUT,gas,2055,0.75
ns,AUT,gas,2060,0.75
ns,AUT,gas,2065,0.75
ns,AUT,gas,2070,0.75
ns,AUT,gas,2075,0.75
ns,AUT,gas,2080,0.75
ns,AUT,gas,2085,0.75
ns,AUT,gas,2090,0.75
ns,AUT,gas,2095,0.75
ns,AUT,gas,2100,0.75
ns,AUT,oil,2015,0.75
ns,AUT,oil,2020,0.75
ns,AUT,oil,2025,0.75
ns,AUT,oil,2030,0.75
ns,AUT,oil,2035,0.75
ns,AUT,oil,2040,0.75
ns,AUT,oil,2045,0.75
ns,AUT,oil,2050,0.75
ns,AUT,oil,2055,0.75
ns,AUT,oil,2060,0.75
ns,AUT,oil,2065,0.75
ns,AUT,oil,2070,0.75
ns,AUT,oil,2075,0.75
ns,AUT,oil,2080,0.75
ns,AUT,oil,2085,0.75
ns,AUT,oil,2090,0.75
ns,AUT,oil,2095,0.75
ns,AUT,oil,2100,0.75
s1,AUT,biomass_solid,2015,0.7
s1,AUT,biomass_solid,2020,0.7
s1,AUT,biomass_solid,2025,0.7
s1,AUT,biomass_solid,2030,0.7
s1,AUT,biomass_solid,2035,0.7
s1,AUT,biomass_solid,2040,0.7
s1,AUT,biomass_solid,2045,0.7
s1,AUT,biomass_solid,2050,0.7
s1,AUT,biomass_solid,2055,0.7
s1,AUT,biomass_solid,2060,0.7
s1,AUT,biomass_solid,2065,0.7
s1,AUT,biomass_solid,2070,0.7
s1,AUT,biomass_solid,2075,0.7
s1,AUT,biomass_solid,2080,0.7
s1,AUT,biomass_solid,2085,0.7
s1,AUT,biomass_solid,2090,0.7
s1,AUT,biomass_solid,2095,0.7
s1,AUT,biomass_solid,2100,0.7
s1,AUT,coal,2015,0.75
s1,AUT,coal,2020,0.75
s1,AUT,coal,2025,0.75
s1,AUT,coal,2030,0.75
s1,AUT,coal,2035,0.75
s1,AUT,coal,2040,0.75
s1,AUT,coal,2045,0.75
s1,AUT,coal,2050,0.75
s1,AUT,coal,2055,0.75
s1,AUT,coal,2060,0.75
s1,AUT,coal,2065,0.75
s1,AUT,coal,2070,0.75
s1,AUT,coal,2075,0.75
s1,AUT,coal,2080,0.75
s1,AUT,coal,2085,0.75
s1,AUT,coal,2090,0.75
s1,AUT,coal,2095,0.75
s1,AUT,coal,2100,0.75
s1,AUT,district_heat,2015,0.98
s1,AUT,district_heat,2020,0.98
s1,AUT,district_heat,2025,0.98
s1,AUT,district_heat,2030,0.98
s1,AUT,district_heat,2035,0.98
s1,AUT,district_heat,2040,0.98
s1,AUT,district_heat,2045,0.98
s1,AUT,district_heat,2050,0.98
s1,AUT,district_heat,2055,0.98
s1,AUT,district_heat,2060,0.98
s1,AUT,district_heat,2065,0.98
s1,AUT,district_heat,2070,0.98
s1,AUT,district_heat,2075,0.98
s1,AUT,district_heat,2080,0.98
s1,AUT,district_heat,2085,0.98
s1,AUT,district_heat,2090,0.98
s1,AUT,district_heat,2095,0.98
s1,AUT,district_heat,2100,0.98
s1,AUT,electricity,2015,1
s1,AUT,elec_hp,2015,2.5
s1,AUT,electricity,2020,1
s1,AUT,elec_hp,2020,2.5
s1,AUT,electricity,2025,1
s1,AUT,elec_hp,2025,2.5
s1,AUT,electricity,2030,1
s1,AUT,elec_hp,2030,2.5
s1,AUT,electricity,2035,1
s1,AUT,elec_hp,2035,2.5
s1,AUT,electricity,2040,1
s1,AUT,elec_hp,2040,2.5
s1,AUT,electricity,2045,1
s1,AUT,elec_hp,2045,2.5
s1,AUT,electricity,2050,1
s1,AUT,elec_hp,2050,2.5
s1,AUT,electricity,2055,1
s1,AUT,elec_hp,2055,2.5
s1,AUT,electricity,2060,1
s1,AUT,elec_hp,2060,2.5
s1,AUT,electricity,2065,1
s1,AUT,elec_hp,2065,2.5
s1,AUT,electricity,2070,1
s1,AUT,elec_hp,2070,2.5
s1,AUT,electricity,2075,1
s1,AUT,elec_hp,2075,2.5
s1,AUT,electricity,2080,1
s1,AUT,elec_hp,2080,2.5
s1,AUT,electricity,2085,1
s1,AUT,elec_hp,2085,2.5
s1,AUT,electricity,2090,1
s1,AUT,elec_hp,2090,2.5
s1,AUT,electricity,2095,1
s1,AUT,elec_hp,2095,2.5
s1,AUT,electricity,2100,1
s1,AUT,elec_hp,2100,2.5
s1,AUT,gas,2015,0.75
s1,AUT,gas,2020,0.75
s1,AUT,gas,2025,0.75
s1,AUT,gas,2030,0.75
s1,AUT,gas,2035,0.75
s1,AUT,gas,2040,0.75
s1,AUT,gas,2045,0.75
s1,AUT,gas,2050,0.75
s1,AUT,gas,2055,0.75
s1,AUT,gas,2060,0.75
s1,AUT,gas,2065,0.75
s1,AUT,gas,2070,0.75
s1,AUT,gas,2075,0.75
s1,AUT,gas,2080,0.75
s1,AUT,gas,2085,0.75
s1,AUT,gas,2090,0.75
s1,AUT,gas,2095,0.75
s1,AUT,gas,2100,0.75
s1,AUT,oil,2015,0.75
s1,AUT,oil,2020,0.75
s1,AUT,oil,2025,0.75
s1,AUT,oil,2030,0.75
s1,AUT,oil,2035,0.75
s1,AUT,oil,2040,0.75
s1,AUT,oil,2045,0.75
s1,AUT,oil,2050,0.75
s1,AUT,oil,2055,0.75
s1,AUT,oil,2060,0.75
s1,AUT,oil,2065,0.75
s1,AUT,oil,2070,0.75
s1,AUT,oil,2075,0.75
s1,AUT,oil,2080,0.75
s1,AUT,oil,2085,0.75
s1,AUT,oil,2090,0.75
s1,AUT,oil,2095,0.75
s1,AUT,oil,2100,0.75
s2,AUT,biomass_solid,2015,0.7
s2,AUT,biomass_solid,2020,0.7
s2,AUT,biomass_solid,2025,0.7
s2,AUT,biomass_solid,2030,0.7
s2,AUT,biomass_solid,2035,0.7
s2,AUT,biomass_solid,2040,0.7
s2,AUT,biomass_solid,2045,0.7
s2,AUT,biomass_solid,2050,0.7
s2,AUT,biomass_solid,2055,0.7
s2,AUT,biomass_solid,2060,0.7
s2,AUT,biomass_solid,2065,0.7
s2,AUT,biomass_solid,2070,0.7
s2,AUT,biomass_solid,2075,0.7
s2,AUT,biomass_solid,2080,0.7
s2,AUT,biomass_solid,2085,0.7
s2,AUT,biomass_solid,2090,0.7
s2,AUT,biomass_solid,2095,0.7
s2,AUT,biomass_solid,2100,0.7
s2,AUT,coal,2015,0.75
s2,AUT,coal,2020,0.75
s2,AUT,coal,2025,0.75
s2,AUT,coal,2030,0.75
s2,AUT,coal,2035,0.75
s2,AUT,coal,2040,0.75
s2,AUT,coal,2045,0.75
s2,AUT,coal,2050,0.75
s2,AUT,coal,2055,0.75
s2,AUT,coal,2060,0.75
s2,AUT,coal,2065,0.75
s2,AUT,coal,2070,0.75
s2,AUT,coal,2075,0.75
s2,AUT,coal,2080,0.75
s2,AUT,coal,2085,0.75
s2,AUT,coal,2090,0.75
s2,AUT,coal,2095,0.75
s2,AUT,coal,2100,0.75
s2,AUT,district_heat,2015,0.98
s2,AUT,district_heat,2020,0.98
s2,AUT,district_heat,2025,0.98
s2,AUT,district_heat,2030,0.98
s2,AUT,district_heat,2035,0.98
s2,AUT,district_heat,2040,0.98
s2,AUT,district_heat,2045,0.98
s2,AUT,district_heat,2050,0.98
s2,AUT,district_heat,2055,0.98
s2,AUT,district_heat,2060,0.98
s2,AUT,district_heat,2065,0.98
s2,AUT,district_heat,2070,0.98
s2,AUT,district_heat,2075,0.98
s2,AUT,district_heat,2080,0.98
s2,AUT,district_heat,2085,0.98
s2,AUT,district_heat,2090,0.98
s2,AUT,district_heat,2095,0.98
s2,AUT,district_heat,2100,0.98
s2,AUT,electricity,2015,1
s2,AUT,elec_hp,2015,2.5
s2,AUT,electricity,2020,1
s2,AUT,elec_hp,2020,2.5
s2,AUT,electricity,2025,1
s2,AUT,elec_hp,2025,2.5
s2,AUT,electricity,2030,1
s2,AUT,elec_hp,2030,2.5
s2,AUT,electricity,2035,1
s2,AUT,elec_hp,2035,2.5
s2,AUT,electricity,2040,1
s2,AUT,elec_hp,2040,2.5
s2,AUT,electricity,2045,1
s2,AUT,elec_hp,2045,2.5
s2,AUT,electricity,2050,1
s2,AUT,elec_hp,2050,2.5
s2,AUT,electricity,2055,1
s2,AUT,elec_hp,2055,2.5
s2,AUT,electricity,2060,1
s2,AUT,elec_hp,2060,2.5
s2,AUT,electricity,2065,1
s2,AUT,elec_hp,2065,2.5
s2,AUT,electricity,2070,1
s2,AUT,elec_hp,2070,2.5
s2,AUT,electricity,2075,1
s2,AUT,elec_hp,2075,2.5
s2,AUT,electricity,2080,1
s2,AUT,elec_hp,2080,2.5
s2,AUT,electricity,2085,1
s2,AUT,elec_hp,2085,2.5
s2,AUT,electricity,2090,1
s2,AUT,elec_hp,2090,2.5
s2,AUT,electricity,2095,1
s2,AUT,elec_hp,2095,2.5
s2,AUT,electricity,2100,1
s2,AUT,elec_hp,2100,2.5
s2,AUT,gas,2015,0.75
s2,AUT,gas,2020,0.75
s2,AUT,gas,2025,0.75
s2,AUT,gas,2030,0.75
s2,AUT,gas,2035,0.75
s2,AUT,gas,2040,0.75
s2,AUT,gas,2045,0.75
s2,AUT,gas,2050,0.75
s2,AUT,gas,2055,0.75
s2,AUT,gas,2060,0.75
s2,AUT,gas,2065,0.75
s2,AUT,gas,2070,0.75
s2,AUT,gas,2075,0.75
s2,AUT,gas,2080,0.75
s2,AUT,gas,2085,0.75
s2,AUT,gas,2090,0.75
s2,AUT,gas,2095,0.75
s2,AUT,gas,2100,0.75
s2,AUT,oil,2015,0.75
s2,AUT,oil,2020,0.75
s2,AUT,oil,2025,0.75
s2,AUT,oil,2030,0.75
s2,AUT,oil,2035,0.75
s2,AUT,oil,2040,0.75
s2,AUT,oil,2045,0.75
s2,AUT,oil,2050,0.75
s2,AUT,oil,2055,0.75
s2,AUT,oil,2060,0.75
s2,AUT,oil,2065,0.75
s2,AUT,oil,2070,0.75
s2,AUT,oil,2075,0.75
s2,AUT,oil,2080,0.75
s2,AUT,oil,2085,0.75
s2,AUT,oil,2090,0.75
s2,AUT,oil,2095,0.75
s2,AUT,oil,2100,0.75
s3,AUT,biomass_solid,2015,0.7
s3,AUT,biomass_solid,2020,0.7
s3,AUT,biomass_solid,2025,0.7
s3,AUT,biomass_solid,2030,0.7
s3,AUT,biomass_solid,2035,0.7
s3,AUT,biomass_solid,2040,0.7
s3,AUT,biomass_solid,2045,0.7
s3,AUT,biomass_solid,2050,0.7
s3,AUT,biomass_solid,2055,0.7
s3,AUT,biomass_solid,2060,0.7
s3,AUT,biomass_solid,2065,0.7
s3,AUT,biomass_solid,2070,0.7
s3,AUT,biomass_solid,2075,0.7
s3,AUT,biomass_solid,2080,0.7
s3,AUT,biomass_solid,2085,0.7
s3,AUT,biomass_solid,2090,0.7
s3,AUT,biomass_solid,2095,0.7
s3,AUT,biomass_solid,2100,0.7
s3,AUT,coal,2015,0.75
s3,AUT,coal,2020,0.75
s3,AUT,coal,2025,0.75
s3,AUT,coal,2030,0.75
s3,AUT,coal,2035,0.75
s3,AUT,coal,2040,0.75
s3,AUT,coal,2045,0.75
s3,AUT,coal,2050,0.75
s3,AUT,coal,2055,0.75
s3,AUT,coal,2060,0.75
s3,AUT,coal,2065,0.75
s3,AUT,coal,2070,0.75
s3,AUT,coal,2075,0.75
s3,AUT,coal,2080,0.75
s3,AUT,coal,2085,0.75
s3,AUT,coal,2090,0.75
s3,AUT,coal,2095,0.75
s3,AUT,coal,2100,0.75
s3,AUT,district_heat,2015,0.98
s3,AUT,district_heat,2020,0.98
s3,AUT,district_heat,2025,0.98
s3,AUT,district_heat,2030,0.98
s3,AUT,district_heat,2035,0.98
s3,AUT,district_heat,2040,0.98
s3,AUT,district_heat,2045,0.98
s3,AUT,district_heat,2050,0.98
s3,AUT,district_heat,2055,0.98
s3,AUT,district_heat,2060,0.98
s3,AUT,district_heat,2065,0.98
s3,AUT,district_heat,2070,0.98
s3,AUT,district_heat,2075,0.98
s3,AUT,district_heat,2080,0.98
s3,AUT,district_heat,2085,0.98
s3,AUT,district_heat,2090,0.98
s3,AUT,district_heat,2095,0.98
s3,AUT,district_heat,2100,0.98
s3,AUT,electricity,2015,1
s3,AUT,elec_hp,2015,2.5
s3,AUT,electricity,2020,1
s3,AUT,elec_hp,2020,2.5
s3,AUT,electricity,2025,1
s3,AUT,elec_hp,2025,2.5
s3,AUT,electricity,2030,1
s3,AUT,elec_hp,2030,2.5
s3,AUT,electricity,2035,1
s3,AUT,elec_hp,2035,2.5
s3,AUT,electricity,2040,1
s3,AUT,elec_hp,2040,2.5
s3,AUT,electricity,2045,1
s3,AUT,elec_hp,2045,2.5
s3,AUT,electricity,2050,1
s3,AUT,elec_hp,2050,2.5
s3,AUT,electricity,2055,1
s3,AUT,elec_hp,2055,2.5
s3,AUT,electricity,2060,1
s3,AUT,elec_hp,2060,2.5
s3,AUT,electricity,2065,1
s3,AUT,elec_hp,2065,2.5
s3,AUT,electricity,2070,1
s3,AUT,elec_hp,2070,2.5
s3,AUT,electricity,2075,1
s3,AUT,elec_hp,2075,2.5
s3,AUT,electricity,2080,1
s3,AUT,elec_hp,2080,2.5
s3,AUT,electricity,2085,1
s3,AUT,elec_hp,2085,2.5
s3,AUT,electricity,2090,1
s3,AUT,elec_hp,2090,2.5
s3,AUT,electricity,2095,1
s3,AUT,elec_hp,2095,2.5
s3,AUT,electricity,2100,1
s3,AUT,elec_hp,2100,2.5
s3,AUT,gas,2015,0.75
s3,AUT,gas,2020,0.75
s3,AUT,gas,2025,0.75
s3,AUT,gas,2030,0.75
s3,AUT,gas,2035,0.75
s3,AUT,gas,2040,0.75
s3,AUT,gas,2045,0.75
s3,AUT,gas,2050,0.75
s3,AUT,gas,2055,0.75
s3,AUT,gas,2060,0.75
s3,AUT,gas,2065,0.75
s3,AUT,gas,2070,0.75
s3,AUT,gas,2075,0.75
s3,AUT,gas,2080,0.75
s3,AUT,gas,2085,0.75
s3,AUT,gas,2090,0.75
s3,AUT,gas,2095,0.75
s3,AUT,gas,2100,0.75
s3,AUT,oil,2015,0.75
s3,AUT,oil,2020,0.75
s3,AUT,oil,2025,0.75
s3,AUT,oil,2030,0.75
s3,AUT,oil,2035,0.75
s3,AUT,oil,2040,0.75
s3,AUT,oil,2045,0.75
s3,AUT,oil,2050,0.75
s3,AUT,oil,2055,0.75
s3,AUT,oil,2060,0.75
s3,AUT,oil,2065,0.75
s3,AUT,oil,2070,0.75
s3,AUT,oil,2075,0.75
s3,AUT,oil,2080,0.75
s3,AUT,oil,2085,0.75
s3,AUT,oil,2090,0.75
s3,AUT,oil,2095,0.75
s3,AUT,oil,2100,0.75
s51_std,AUT,biomass_solid,2015,0.7
s51_std,AUT,biomass_solid,2020,0.708823529
s51_std,AUT,biomass_solid,2025,0.717647059
s51_std,AUT,biomass_solid,2030,0.726470588
s51_std,AUT,biomass_solid,2035,0.735294118
s51_std,AUT,biomass_solid,2040,0.744117647
s51_std,AUT,biomass_solid,2045,0.752941176
s51_std,AUT,biomass_solid,2050,0.761764706
s51_std,AUT,biomass_solid,2055,0.770588235
s51_std,AUT,biomass_solid,2060,0.779411765
s51_std,AUT,biomass_solid,2065,0.788235294
s51_std,AUT,biomass_solid,2070,0.797058824
s51_std,AUT,biomass_solid,2075,0.805882353
s51_std,AUT,biomass_solid,2080,0.814705882
s51_std,AUT,biomass_solid,2085,0.823529412
s51_std,AUT,biomass_solid,2090,0.832352941
s51_std,AUT,biomass_solid,2095,0.841176471
s51_std,AUT,biomass_solid,2100,0.85
s51_std,AUT,coal,2015,0.75
s51_std,AUT,coal,2020,0.75
s51_std,AUT,coal,2025,0.75
s51_std,AUT,coal,2030,0.75
s51_std,AUT,coal,2035,0.75
s51_std,AUT,coal,2040,0.75
s51_std,AUT,coal,2045,0.75
s51_std,AUT,coal,2050,0.75
s51_std,AUT,coal,2055,0.75
s51_std,AUT,coal,2060,0.75
s51_std,AUT,coal,2065,0.75
s51_std,AUT,coal,2070,0.75
s51_std,AUT,coal,2075,0.75
s51_std,AUT,coal,2080,0.75
s51_std,AUT,coal,2085,0.75
s51_std,AUT,coal,2090,0.75
s51_std,AUT,coal,2095,0.75
s51_std,AUT,coal,2100,0.75
s51_std,AUT,district_heat,2015,0.98
s51_std,AUT,district_heat,2020,0.98
s51_std,AUT,district_heat,2025,0.98
s51_std,AUT,district_heat,2030,0.98
s51_std,AUT,district_heat,2035,0.98
s51_std,AUT,district_heat,2040,0.98
s51_std,AUT,district_heat,2045,0.98
s51_std,AUT,district_heat,2050,0.98
s51_std,AUT,district_heat,2055,0.98
s51_std,AUT,district_heat,2060,0.98
s51_std,AUT,district_heat,2065,0.98
s51_std,AUT,district_heat,2070,0.98
s51_std,AUT,district_heat,2075,0.98
s51_std,AUT,district_heat,2080,0.98
s51_std,AUT,district_heat,2085,0.98
s51_std,AUT,district_heat,2090,0.98
s51_std,AUT,district_heat,2095,0.98
s51_std,AUT,district_heat,2100,0.98
s51_std,AUT,electricity,2015,1
s51_std,AUT,elec_hp,2015,2.5
s51_std,AUT,electricity,2020,1
s51_std,AUT,elec_hp,2020,2.647058824
s51_std,AUT,electricity,2025,1
s51_std,AUT,elec_hp,2025,2.794117647
s51_std,AUT,electricity,2030,1
s51_std,AUT,elec_hp,2030,2.941176471
s51_std,AUT,electricity,2035,1
s51_std,AUT,elec_hp,2035,3.088235294
s51_std,AUT,electricity,2040,1
s51_std,AUT,elec_hp,2040,3.235294118
s51_std,AUT,electricity,2045,1
s51_std,AUT,elec_hp,2045,3.382352941
s51_std,AUT,electricity,2050,1
s51_std,AUT,elec_hp,2050,3.529411765
s51_std,AUT,electricity,2055,1
s51_std,AUT,elec_hp,2055,3.676470588
s51_std,AUT,electricity,2060,1
s51_std,AUT,elec_hp,2060,3.823529412
s51_std,AUT,electricity,2065,1
s51_std,AUT,elec_hp,2065,3.970588235
s51_std,AUT,electricity,2070,1
s51_std,AUT,elec_hp,2070,4.117647059
s51_std,AUT,electricity,2075,1
s51_std,AUT,elec_hp,2075,4.264705882
s51_std,AUT,electricity,2080,1
s51_std,AUT,elec_hp,2080,4.411764706
s51_std,AUT,electricity,2085,1
s51_std,AUT,elec_hp,2085,4.558823529
s51_std,AUT,electricity,2090,1
s51_std,AUT,elec_hp,2090,4.705882353
s51_std,AUT,electricity,2095,1
s51_std,AUT,elec_hp,2095,4.852941176
s51_std,AUT,electricity,2100,1
s51_std,AUT,elec_hp,2100,5
s51_std,AUT,gas,2015,0.75
s51_std,AUT,gas,2020,0.758823529
s51_std,AUT,gas,2025,0.767647059
s51_std,AUT,gas,2030,0.776470588
s51_std,AUT,gas,2035,0.785294118
s51_std,AUT,gas,2040,0.794117647
s51_std,AUT,gas,2045,0.802941176
s51_std,AUT,gas,2050,0.811764706
s51_std,AUT,gas,2055,0.820588235
s51_std,AUT,gas,2060,0.829411765
s51_std,AUT,gas,2065,0.838235294
s51_std,AUT,gas,2070,0.847058824
s51_std,AUT,gas,2075,0.855882353
s51_std,AUT,gas,2080,0.864705882
s51_std,AUT,gas,2085,0.873529412
s51_std,AUT,gas,2090,0.882352941
s51_std,AUT,gas,2095,0.891176471
s51_std,AUT,gas,2100,0.9
s51_std,AUT,oil,2015,0.75
s51_std,AUT,oil,2020,0.756470588
s51_std,AUT,oil,2025,0.762941176
s51_std,AUT,oil,2030,0.769411765
s51_std,AUT,oil,2035,0.775882353
s51_std,AUT,oil,2040,0.782352941
s51_std,AUT,oil,2045,0.788823529
s51_std,AUT,oil,2050,0.795294118
s51_std,AUT,oil,2055,0.801764706
s51_std,AUT,oil,2060,0.808235294
s51_std,AUT,oil,2065,0.814705882
s51_std,AUT,oil,2070,0.821176471
s51_std,AUT,oil,2075,0.827647059
s51_std,AUT,oil,2080,0.834117647
s51_std,AUT,oil,2085,0.840588235
s51_std,AUT,oil,2090,0.847058824
s51_std,AUT,oil,2095,0.853529412
s51_std,AUT,oil,2100,0.86
s52_low,AUT,biomass_solid,2015,0.85
s52_low,AUT,biomass_solid,2020,0.85
s52_low,AUT,biomass_solid,2025,0.85
s52_low,AUT,biomass_solid,2030,0.85
s52_low,AUT,biomass_solid,2035,0.85
s52_low,AUT,biomass_solid,2040,0.85
s52_low,AUT,biomass_solid,2045,0.85
s52_low,AUT,biomass_solid,2050,0.85
s52_low,AUT,biomass_solid,2055,0.85
s52_low,AUT,biomass_solid,2060,0.85
s52_low,AUT,biomass_solid,2065,0.85
s52_low,AUT,biomass_solid,2070,0.85
s52_low,AUT,biomass_solid,2075,0.85
s52_low,AUT,biomass_solid,2080,0.85
s52_low,AUT,biomass_solid,2085,0.85
s52_low,AUT,biomass_solid,2090,0.85
s52_low,AUT,biomass_solid,2095,0.85
s52_low,AUT,biomass_solid,2100,0.85
s52_low,AUT,coal,2015,0.75
s52_low,AUT,coal,2020,0.75
s52_low,AUT,coal,2025,0.75
s52_low,AUT,coal,2030,0.75
s52_low,AUT,coal,2035,0.75
s52_low,AUT,coal,2040,0.75
s52_low,AUT,coal,2045,0.75
s52_low,AUT,coal,2050,0.75
s52_low,AUT,coal,2055,0.75
s52_low,AUT,coal,2060,0.75
s52_low,AUT,coal,2065,0.75
s52_low,AUT,coal,2070,0.75
s52_low,AUT,coal,2075,0.75
s52_low,AUT,coal,2080,0.75
s52_low,AUT,coal,2085,0.75
s52_low,AUT,coal,2090,0.75
s52_low,AUT,coal,2095,0.75
s52_low,AUT,coal,2100,0.75
s52_low,AUT,district_heat,2015,0.98
s52_low,AUT,district_heat,2020,0.98
s52_low,AUT,district_heat,2025,0.98
s52_low,AUT,district_heat,2030,0.98
s52_low,AUT,district_heat,2035,0.98
s52_low,AUT,district_heat,2040,0.98
s52_low,AUT,district_heat,2045,0.98
s52_low,AUT,district_heat,2050,0.98
s52_low,AUT,district_heat,2055,0.98
s52_low,AUT,district_heat,2060,0.98
s52_low,AUT,district_heat,2065,0.98
s52_low,AUT,district_heat,2070,0.98
s52_low,AUT,district_heat,2075,0.98
s52_low,AUT,district_heat,2080,0.98
s52_low,AUT,district_heat,2085,0.98
s52_low,AUT,district_heat,2090,0.98
s52_low,AUT,district_heat,2095,0.98
s52_low,AUT,district_heat,2100,0.98
s52_low,AUT,electricity,2015,1
s52_low,AUT,elec_hp,2015,2.7
s52_low,AUT,electricity,2020,1
s52_low,AUT,elec_hp,2020,2.835294118
s52_low,AUT,electricity,2025,1
s52_low,AUT,elec_hp,2025,2.970588235
s52_low,AUT,electricity,2030,1
s52_low,AUT,elec_hp,2030,3.105882353
s52_low,AUT,electricity,2035,1
s52_low,AUT,elec_hp,2035,3.241176471
s52_low,AUT,electricity,2040,1
s52_low,AUT,elec_hp,2040,3.376470588
s52_low,AUT,electricity,2045,1
s52_low,AUT,elec_hp,2045,3.511764706
s52_low,AUT,electricity,2050,1
s52_low,AUT,elec_hp,2050,3.647058824
s52_low,AUT,electricity,2055,1
s52_low,AUT,elec_hp,2055,3.782352941
s52_low,AUT,electricity,2060,1
s52_low,AUT,elec_hp,2060,3.917647059
s52_low,AUT,electricity,2065,1
s52_low,AUT,elec_hp,2065,4.052941176
s52_low,AUT,electricity,2070,1
s52_low,AUT,elec_hp,2070,4.188235294
s52_low,AUT,electricity,2075,1
s52_low,AUT,elec_hp,2075,4.323529412
s52_low,AUT,electricity,2080,1
s52_low,AUT,elec_hp,2080,4.458823529
s52_low,AUT,electricity,2085,1
s52_low,AUT,elec_hp,2085,4.594117647
s52_low,AUT,electricity,2090,1
s52_low,AUT,elec_hp,2090,4.729411765
s52_low,AUT,electricity,2095,1
s52_low,AUT,elec_hp,2095,4.864705882
s52_low,AUT,electricity,2100,1
s52_low,AUT,elec_hp,2100,5
s52_low,AUT,gas,2015,0.9
s52_low,AUT,gas,2020,0.9
s52_low,AUT,gas,2025,0.9
s52_low,AUT,gas,2030,0.9
s52_low,AUT,gas,2035,0.9
s52_low,AUT,gas,2040,0.9
s52_low,AUT,gas,2045,0.9
s52_low,AUT,gas,2050,0.9
s52_low,AUT,gas,2055,0.9
s52_low,AUT,gas,2060,0.9
s52_low,AUT,gas,2065,0.9
s52_low,AUT,gas,2070,0.9
s52_low,AUT,gas,2075,0.9
s52_low,AUT,gas,2080,0.9
s52_low,AUT,gas,2085,0.9
s52_low,AUT,gas,2090,0.9
s52_low,AUT,gas,2095,0.9
s52_low,AUT,gas,2100,0.9
s52_low,AUT,oil,2015,0.86
s52_low,AUT,oil,2020,0.86
s52_low,AUT,oil,2025,0.86
s52_low,AUT,oil,2030,0.86
s52_low,AUT,oil,2035,0.86
s52_low,AUT,oil,2040,0.86
s52_low,AUT,oil,2045,0.86
s52_low,AUT,oil,2050,0.86
s52_low,AUT,oil,2055,0.86
s52_low,AUT,oil,2060,0.86
s52_low,AUT,oil,2065,0.86
s52_low,AUT,oil,2070,0.86
s52_low,AUT,oil,2075,0.86
s52_low,AUT,oil,2080,0.86
s52_low,AUT,oil,2085,0.86
s52_low,AUT,oil,2090,0.86
s52_low,AUT,oil,2095,0.86
s52_low,AUT,oil,2100,0.86
sr11_std,AUT,biomass_solid,2015,0.7
sr11_std,AUT,biomass_solid,2020,0.708823529
sr11_std,AUT,biomass_solid,2025,0.717647059
sr11_std,AUT,biomass_solid,2030,0.726470588
sr11_std,AUT,biomass_solid,2035,0.735294118
sr11_std,AUT,biomass_solid,2040,0.744117647
sr11_std,AUT,biomass_solid,2045,0.752941176
sr11_std,AUT,biomass_solid,2050,0.761764706
sr11_std,AUT,biomass_solid,2055,0.770588235
sr11_std,AUT,biomass_solid,2060,0.779411765
sr11_std,AUT,biomass_solid,2065,0.788235294
sr11_std,AUT,biomass_solid,2070,0.797058824
sr11_std,AUT,biomass_solid,2075,0.805882353
sr11_std,AUT,biomass_solid,2080,0.814705882
sr11_std,AUT,biomass_solid,2085,0.823529412
sr11_std,AUT,biomass_solid,2090,0.832352941
sr11_std,AUT,biomass_solid,2095,0.841176471
sr11_std,AUT,biomass_solid,2100,0.85
sr11_std,AUT,coal,2015,0.75
sr11_std,AUT,coal,2020,0.75
sr11_std,AUT,coal,2025,0.75
sr11_std,AUT,coal,2030,0.75
sr11_std,AUT,coal,2035,0.75
sr11_std,AUT,coal,2040,0.75
sr11_std,AUT,coal,2045,0.75
sr11_std,AUT,coal,2050,0.75
sr11_std,AUT,coal,2055,0.75
sr11_std,AUT,coal,2060,0.75
sr11_std,AUT,coal,2065,0.75
sr11_std,AUT,coal,2070,0.75
sr11_std,AUT,coal,2075,0.75
sr11_std,AUT,coal,2080,0.75
sr11_std,AUT,coal,2085,0.75
sr11_std,AUT,coal,2090,0.75
sr11_std,AUT,coal,2095,0.75
sr11_std,AUT,coal,2100,0.75
sr11_std,AUT,district_heat,2015,0.98
sr11_std,AUT,district_heat,2020,0.98
sr11_std,AUT,district_heat,2025,0.98
sr11_std,AUT,district_heat,2030,0.98
sr11_std,AUT,district_heat,2035,0.98
sr11_std,AUT,district_heat,2040,0.98
sr11_std,AUT,district_heat,2045,0.98
sr11_std,AUT,district_heat,2050,0.98
sr11_std,AUT,district_heat,2055,0.98
sr11_std,AUT,district_heat,2060,0.98
sr11_std,AUT,district_heat,2065,0.98
sr11_std,AUT,district_heat,2070,0.98
sr11_std,AUT,district_heat,2075,0.98
sr11_std,AUT,district_heat,2080,0.98
sr11_std,AUT,district_heat,2085,0.98
sr11_std,AUT,district_heat,2090,0.98
sr11_std,AUT,district_heat,2095,0.98
sr11_std,AUT,district_heat,2100,0.98
sr11_std,AUT,electricity,2015,1
sr11_std,AUT,elec_hp,2015,2.5
sr11_std,AUT,electricity,2020,1
sr11_std,AUT,elec_hp,2020,2.647058824
sr11_std,AUT,electricity,2025,1
sr11_std,AUT,elec_hp,2025,2.794117647
sr11_std,AUT,electricity,2030,1
sr11_std,AUT,elec_hp,2030,2.941176471
sr11_std,AUT,electricity,2035,1
sr11_std,AUT,elec_hp,2035,3.088235294
sr11_std,AUT,electricity,2040,1
sr11_std,AUT,elec_hp,2040,3.235294118
sr11_std,AUT,electricity,2045,1
sr11_std,AUT,elec_hp,2045,3.382352941
sr11_std,AUT,electricity,2050,1
sr11_std,AUT,elec_hp,2050,3.529411765
sr11_std,AUT,electricity,2055,1
sr11_std,AUT,elec_hp,2055,3.676470588
sr11_std,AUT,electricity,2060,1
sr11_std,AUT,elec_hp,2060,3.823529412
sr11_std,AUT,electricity,2065,1
sr11_std,AUT,elec_hp,2065,3.970588235
sr11_std,AUT,electricity,2070,1
sr11_std,AUT,elec_hp,2070,4.117647059
sr11_std,AUT,electricity,2075,1
sr11_std,AUT,elec_hp,2075,4.264705882
sr11_std,AUT,electricity,2080,1
sr11_std,AUT,elec_hp,2080,4.411764706
sr11_std,AUT,electricity,2085,1
sr11_std,AUT,elec_hp,2085,4.558823529
sr11_std,AUT,electricity,2090,1
sr11_std,AUT,elec_hp,2090,4.705882353
sr11_std,AUT,electricity,2095,1
sr11_std,AUT,elec_hp,2095,4.852941176
sr11_std,AUT,electricity,2100,1
sr11_std,AUT,elec_hp,2100,5
sr11_std,AUT,gas,2015,0.75
sr11_std,AUT,gas,2020,0.758823529
sr11_std,AUT,gas,2025,0.767647059
sr11_std,AUT,gas,2030,0.776470588
sr11_std,AUT,gas,2035,0.785294118
sr11_std,AUT,gas,2040,0.794117647
sr11_std,AUT,gas,2045,0.802941176
sr11_std,AUT,gas,2050,0.811764706
sr11_std,AUT,gas,2055,0.820588235
sr11_std,AUT,gas,2060,0.829411765
sr11_std,AUT,gas,2065,0.838235294
sr11_std,AUT,gas,2070,0.847058824
sr11_std,AUT,gas,2075,0.855882353
sr11_std,AUT,gas,2080,0.864705882
sr11_std,AUT,gas,2085,0.873529412
sr11_std,AUT,gas,2090,0.882352941
sr11_std,AUT,gas,2095,0.891176471
sr11_std,AUT,gas,2100,0.9
sr11_std,AUT,oil,2015,0.75
sr11_std,AUT,oil,2020,0.756470588
sr11_std,AUT,oil,2025,0.762941176
sr11_std,AUT,oil,2030,0.769411765
sr11_std,AUT,oil,2035,0.775882353
sr11_std,AUT,oil,2040,0.782352941
sr11_std,AUT,oil,2045,0.788823529
sr11_std,AUT,oil,2050,0.795294118
sr11_std,AUT,oil,2055,0.801764706
sr11_std,AUT,oil,2060,0.808235294
sr11_std,AUT,oil,2065,0.814705882
sr11_std,AUT,oil,2070,0.821176471
sr11_std,AUT,oil,2075,0.827647059
sr11_std,AUT,oil,2080,0.834117647
sr11_std,AUT,oil,2085,0.840588235
sr11_std,AUT,oil,2090,0.847058824
sr11_std,AUT,oil,2095,0.853529412
sr11_std,AUT,oil,2100,0.86
sr12_low,AUT,biomass_solid,2015,0.85
sr12_low,AUT,biomass_solid,2020,0.85
sr12_low,AUT,biomass_solid,2025,0.85
sr12_low,AUT,biomass_solid,2030,0.85
sr12_low,AUT,biomass_solid,2035,0.85
sr12_low,AUT,biomass_solid,2040,0.85
sr12_low,AUT,biomass_solid,2045,0.85
sr12_low,AUT,biomass_solid,2050,0.85
sr12_low,AUT,biomass_solid,2055,0.85
sr12_low,AUT,biomass_solid,2060,0.85
sr12_low,AUT,biomass_solid,2065,0.85
sr12_low,AUT,biomass_solid,2070,0.85
sr12_low,AUT,biomass_solid,2075,0.85
sr12_low,AUT,biomass_solid,2080,0.85
sr12_low,AUT,biomass_solid,2085,0.85
sr12_low,AUT,biomass_solid,2090,0.85
sr12_low,AUT,biomass_solid,2095,0.85
sr12_low,AUT,biomass_solid,2100,0.85
sr12_low,AUT,coal,2015,0.75
sr12_low,AUT,coal,2020,0.75
sr12_low,AUT,coal,2025,0.75
sr12_low,AUT,coal,2030,0.75
sr12_low,AUT,coal,2035,0.75
sr12_low,AUT,coal,2040,0.75
sr12_low,AUT,coal,2045,0.75
sr12_low,AUT,coal,2050,0.75
sr12_low,AUT,coal,2055,0.75
sr12_low,AUT,coal,2060,0.75
sr12_low,AUT,coal,2065,0.75
sr12_low,AUT,coal,2070,0.75
sr12_low,AUT,coal,2075,0.75
sr12_low,AUT,coal,2080,0.75
sr12_low,AUT,coal,2085,0.75
sr12_low,AUT,coal,2090,0.75
sr12_low,AUT,coal,2095,0.75
sr12_low,AUT,coal,2100,0.75
sr12_low,AUT,district_heat,2015,0.98
sr12_low,AUT,district_heat,2020,0.98
sr12_low,AUT,district_heat,2025,0.98
sr12_low,AUT,district_heat,2030,0.98
sr12_low,AUT,district_heat,2035,0.98
sr12_low,AUT,district_heat,2040,0.98
sr12_low,AUT,district_heat,2045,0.98
sr12_low,AUT,district_heat,2050,0.98
sr12_low,AUT,district_heat,2055,0.98
sr12_low,AUT,district_heat,2060,0.98
sr12_low,AUT,district_heat,2065,0.98
sr12_low,AUT,district_heat,2070,0.98
sr12_low,AUT,district_heat,2075,0.98
sr12_low,AUT,district_heat,2080,0.98
sr12_low,AUT,district_heat,2085,0.98
sr12_low,AUT,district_heat,2090,0.98
sr12_low,AUT,district_heat,2095,0.98
sr12_low,AUT,district_heat,2100,0.98
sr12_low,AUT,electricity,2015,1
sr12_low,AUT,elec_hp,2015,2.7
sr12_low,AUT,electricity,2020,1
sr12_low,AUT,elec_hp,2020,2.835294118
sr12_low,AUT,electricity,2025,1
sr12_low,AUT,elec_hp,2025,2.970588235
sr12_low,AUT,electricity,2030,1
sr12_low,AUT,elec_hp,2030,3.105882353
sr12_low,AUT,electricity,2035,1
sr12_low,AUT,elec_hp,2035,3.241176471
sr12_low,AUT,electricity,2040,1
sr12_low,AUT,elec_hp,2040,3.376470588
sr12_low,AUT,electricity,2045,1
sr12_low,AUT,elec_hp,2045,3.511764706
sr12_low,AUT,electricity,2050,1
sr12_low,AUT,elec_hp,2050,3.647058824
sr12_low,AUT,electricity,2055,1
sr12_low,AUT,elec_hp,2055,3.782352941
sr12_low,AUT,electricity,2060,1
sr12_low,AUT,elec_hp,2060,3.917647059
sr12_low,AUT,electricity,2065,1
sr12_low,AUT,elec_hp,2065,4.052941176
sr12_low,AUT,electricity,2070,1
sr12_low,AUT,elec_hp,2070,4.188235294
sr12_low,AUT,electricity,2075,1
sr12_low,AUT,elec_hp,2075,4.323529412
sr12_low,AUT,electricity,2080,1
sr12_low,AUT,elec_hp,2080,4.458823529
sr12_low,AUT,electricity,2085,1
sr12_low,AUT,elec_hp,2085,4.594117647
sr12_low,AUT,electricity,2090,1
sr12_low,AUT,elec_hp,2090,4.729411765
sr12_low,AUT,electricity,2095,1
sr12_low,AUT,elec_hp,2095,4.864705882
sr12_low,AUT,electricity,2100,1
sr12_low,AUT,elec_hp,2100,5
sr12_low,AUT,gas,2015,0.9
sr12_low,AUT,gas,2020,0.9
sr12_low,AUT,gas,2025,0.9
sr12_low,AUT,gas,2030,0.9
sr12_low,AUT,gas,2035,0.9
sr12_low,AUT,gas,2040,0.9
sr12_low,AUT,gas,2045,0.9
sr12_low,AUT,gas,2050,0.9
sr12_low,AUT,gas,2055,0.9
sr12_low,AUT,gas,2060,0.9
sr12_low,AUT,gas,2065,0.9
sr12_low,AUT,gas,2070,0.9
sr12_low,AUT,gas,2075,0.9
sr12_low,AUT,gas,2080,0.9
sr12_low,AUT,gas,2085,0.9
sr12_low,AUT,gas,2090,0.9
sr12_low,AUT,gas,2095,0.9
sr12_low,AUT,gas,2100,0.9
sr12_low,AUT,oil,2015,0.86
sr12_low,AUT,oil,2020,0.86
sr12_low,AUT,oil,2025,0.86
sr12_low,AUT,oil,2030,0.86
sr12_low,AUT,oil,2035,0.86
sr12_low,AUT,oil,2040,0.86
sr12_low,AUT,oil,2045,0.86
sr12_low,AUT,oil,2050,0.86
sr12_low,AUT,oil,2055,0.86
sr12_low,AUT,oil,2060,0.86
sr12_low,AUT,oil,2065,0.86
sr12_low,AUT,oil,2070,0.86
sr12_low,AUT,oil,2075,0.86
sr12_low,AUT,oil,2080,0.86
sr12_low,AUT,oil,2085,0.86
sr12_low,AUT,oil,2090,0.86
sr12_low,AUT,oil,2095,0.86
sr12_low,AUT,oil,2100,0.86
sr21_std,AUT,biomass_solid,2015,0.7
sr21_std,AUT,biomass_solid,2020,0.708823529
sr21_std,AUT,biomass_solid,2025,0.717647059
sr21_std,AUT,biomass_solid,2030,0.726470588
sr21_std,AUT,biomass_solid,2035,0.735294118
sr21_std,AUT,biomass_solid,2040,0.744117647
sr21_std,AUT,biomass_solid,2045,0.752941176
sr21_std,AUT,biomass_solid,2050,0.761764706
sr21_std,AUT,biomass_solid,2055,0.770588235
sr21_std,AUT,biomass_solid,2060,0.779411765
sr21_std,AUT,biomass_solid,2065,0.788235294
sr21_std,AUT,biomass_solid,2070,0.797058824
sr21_std,AUT,biomass_solid,2075,0.805882353
sr21_std,AUT,biomass_solid,2080,0.814705882
sr21_std,AUT,biomass_solid,2085,0.823529412
sr21_std,AUT,biomass_solid,2090,0.832352941
sr21_std,AUT,biomass_solid,2095,0.841176471
sr21_std,AUT,biomass_solid,2100,0.85
sr21_std,AUT,coal,2015,0.75
sr21_std,AUT,coal,2020,0.75
sr21_std,AUT,coal,2025,0.75
sr21_std,AUT,coal,2030,0.75
sr21_std,AUT,coal,2035,0.75
sr21_std,AUT,coal,2040,0.75
sr21_std,AUT,coal,2045,0.75
sr21_std,AUT,coal,2050,0.75
sr21_std,AUT,coal,2055,0.75
sr21_std,AUT,coal,2060,0.75
sr21_std,AUT,coal,2065,0.75
sr21_std,AUT,coal,2070,0.75
sr21_std,AUT,coal,2075,0.75
sr21_std,AUT,coal,2080,0.75
sr21_std,AUT,coal,2085,0.75
sr21_std,AUT,coal,2090,0.75
sr21_std,AUT,coal,2095,0.75
sr21_std,AUT,coal,2100,0.75
sr21_std,AUT,district_heat,2015,0.98
sr21_std,AUT,district_heat,2020,0.98
sr21_std,AUT,district_heat,2025,0.98
sr21_std,AUT,district_heat,2030,0.98
sr21_std,AUT,district_heat,2035,0.98
sr21_std,AUT,district_heat,2040,0.98
sr21_std,AUT,district_heat,2045,0.98
sr21_std,AUT,district_heat,2050,0.98
sr21_std,AUT,district_heat,2055,0.98
sr21_std,AUT,district_heat,2060,0.98
sr21_std,AUT,district_heat,2065,0.98
sr21_std,AUT,district_heat,2070,0.98
sr21_std,AUT,district_heat,2075,0.98
sr21_std,AUT,district_heat,2080,0.98
sr21_std,AUT,district_heat,2085,0.98
sr21_std,AUT,district_heat,2090,0.98
sr21_std,AUT,district_heat,2095,0.98
sr21_std,AUT,district_heat,2100,0.98
sr21_std,AUT,electricity,2015,1
sr21_std,AUT,elec_hp,2015,2.5
sr21_std,AUT,electricity,2020,1
sr21_std,AUT,elec_hp,2020,2.647058824
sr21_std,AUT,electricity,2025,1
sr21_std,AUT,elec_hp,2025,2.794117647
sr21_std,AUT,electricity,2030,1
sr21_std,AUT,elec_hp,2030,2.941176471
sr21_std,AUT,electricity,2035,1
sr21_std,AUT,elec_hp,2035,3.088235294
sr21_std,AUT,electricity,2040,1
sr21_std,AUT,elec_hp,2040,3.235294118
sr21_std,AUT,electricity,2045,1
sr21_std,AUT,elec_hp,2045,3.382352941
sr21_std,AUT,electricity,2050,1
sr21_std,AUT,elec_hp,2050,3.529411765
sr21_std,AUT,electricity,2055,1
sr21_std,AUT,elec_hp,2055,3.676470588
sr21_std,AUT,electricity,2060,1
sr21_std,AUT,elec_hp,2060,3.823529412
sr21_std,AUT,electricity,2065,1
sr21_std,AUT,elec_hp,2065,3.970588235
sr21_std,AUT,electricity,2070,1
sr21_std,AUT,elec_hp,2070,4.117647059
sr21_std,AUT,electricity,2075,1
sr21_std,AUT,elec_hp,2075,4.264705882
sr21_std,AUT,electricity,2080,1
sr21_std,AUT,elec_hp,2080,4.411764706
sr21_std,AUT,electricity,2085,1
sr21_std,AUT,elec_hp,2085,4.558823529
sr21_std,AUT,electricity,2090,1
sr21_std,AUT,elec_hp,2090,4.705882353
sr21_std,AUT,electricity,2095,1
sr21_std,AUT,elec_hp,2095,4.852941176
sr21_std,AUT,electricity,2100,1
sr21_std,AUT,elec_hp,2100,5
sr21_std,AUT,gas,2015,0.75
sr21_std,AUT,gas,2020,0.758823529
sr21_std,AUT,gas,2025,0.767647059
sr21_std,AUT,gas,2030,0.776470588
sr21_std,AUT,gas,2035,0.785294118
sr21_std,AUT,gas,2040,0.794117647
sr21_std,AUT,gas,2045,0.802941176
sr21_std,AUT,gas,2050,0.811764706
sr21_std,AUT,gas,2055,0.820588235
sr21_std,AUT,gas,2060,0.829411765
sr21_std,AUT,gas,2065,0.838235294
sr21_std,AUT,gas,2070,0.847058824
sr21_std,AUT,gas,2075,0.855882353
sr21_std,AUT,gas,2080,0.864705882
sr21_std,AUT,gas,2085,0.873529412
sr21_std,AUT,gas,2090,0.882352941
sr21_std,AUT,gas,2095,0.891176471
sr21_std,AUT,gas,2100,0.9
sr21_std,AUT,oil,2015,0.75
sr21_std,AUT,oil,2020,0.756470588
sr21_std,AUT,oil,2025,0.762941176
sr21_std,AUT,oil,2030,0.769411765
sr21_std,AUT,oil,2035,0.775882353
sr21_std,AUT,oil,2040,0.782352941
sr21_std,AUT,oil,2045,0.788823529
sr21_std,AUT,oil,2050,0.795294118
sr21_std,AUT,oil,2055,0.801764706
sr21_std,AUT,oil,2060,0.808235294
sr21_std,AUT,oil,2065,0.814705882
sr21_std,AUT,oil,2070,0.821176471
sr21_std,AUT,oil,2075,0.827647059
sr21_std,AUT,oil,2080,0.834117647
sr21_std,AUT,oil,2085,0.840588235
sr21_std,AUT,oil,2090,0.847058824
sr21_std,AUT,oil,2095,0.853529412
sr21_std,AUT,oil,2100,0.86
sr22_low,AUT,biomass_solid,2015,0.85
sr22_low,AUT,biomass_solid,2020,0.85
sr22_low,AUT,biomass_solid,2025,0.85
sr22_low,AUT,biomass_solid,2030,0.85
sr22_low,AUT,biomass_solid,2035,0.85
sr22_low,AUT,biomass_solid,2040,0.85
sr22_low,AUT,biomass_solid,2045,0.85
sr22_low,AUT,biomass_solid,2050,0.85
sr22_low,AUT,biomass_solid,2055,0.85
sr22_low,AUT,biomass_solid,2060,0.85
sr22_low,AUT,biomass_solid,2065,0.85
sr22_low,AUT,biomass_solid,2070,0.85
sr22_low,AUT,biomass_solid,2075,0.85
sr22_low,AUT,biomass_solid,2080,0.85
sr22_low,AUT,biomass_solid,2085,0.85
sr22_low,AUT,biomass_solid,2090,0.85
sr22_low,AUT,biomass_solid,2095,0.85
sr22_low,AUT,biomass_solid,2100,0.85
sr22_low,AUT,coal,2015,0.75
sr22_low,AUT,coal,2020,0.75
sr22_low,AUT,coal,2025,0.75
sr22_low,AUT,coal,2030,0.75
sr22_low,AUT,coal,2035,0.75
sr22_low,AUT,coal,2040,0.75
sr22_low,AUT,coal,2045,0.75
sr22_low,AUT,coal,2050,0.75
sr22_low,AUT,coal,2055,0.75
sr22_low,AUT,coal,2060,0.75
sr22_low,AUT,coal,2065,0.75
sr22_low,AUT,coal,2070,0.75
sr22_low,AUT,coal,2075,0.75
sr22_low,AUT,coal,2080,0.75
sr22_low,AUT,coal,2085,0.75
sr22_low,AUT,coal,2090,0.75
sr22_low,AUT,coal,2095,0.75
sr22_low,AUT,coal,2100,0.75
sr22_low,AUT,district_heat,2015,0.98
sr22_low,AUT,district_heat,2020,0.98
sr22_low,AUT,district_heat,2025,0.98
sr22_low,AUT,district_heat,2030,0.98
sr22_low,AUT,district_heat,2035,0.98
sr22_low,AUT,district_heat,2040,0.98
sr22_low,AUT,district_heat,2045,0.98
sr22_low,AUT,district_heat,2050,0.98
sr22_low,AUT,district_heat,2055,0.98
sr22_low,AUT,district_heat,2060,0.98
sr22_low,AUT,district_heat,2065,0.98
sr22_low,AUT,district_heat,2070,0.98
sr22_low,AUT,district_heat,2075,0.98
sr22_low,AUT,district_heat,2080,0.98
sr22_low,AUT,district_heat,2085,0.98
sr22_low,AUT,district_heat,2090,0.98
sr22_low,AUT,district_heat,2095,0.98
sr22_low,AUT,district_heat,2100,0.98
sr22_low,AUT,electricity,2015,1
sr22_low,AUT,elec_hp,2015,2.7
sr22_low,AUT,electricity,2020,1
sr22_low,AUT,elec_hp,2020,2.835294118
sr22_low,AUT,electricity,2025,1
sr22_low,AUT,elec_hp,2025,2.970588235
sr22_low,AUT,electricity,2030,1
sr22_low,AUT,elec_hp,2030,3.105882353
sr22_low,AUT,electricity,2035,1
sr22_low,AUT,elec_hp,2035,3.241176471
sr22_low,AUT,electricity,2040,1
sr22_low,AUT,elec_hp,2040,3.376470588
sr22_low,AUT,electricity,2045,1
sr22_low,AUT,elec_hp,2045,3.511764706
sr22_low,AUT,electricity,2050,1
sr22_low,AUT,elec_hp,2050,3.647058824
sr22_low,AUT,electricity,2055,1
sr22_low,AUT,elec_hp,2055,3.782352941
sr22_low,AUT,electricity,2060,1
sr22_low,AUT,elec_hp,2060,3.917647059
sr22_low,AUT,electricity,2065,1
sr22_low,AUT,elec_hp,2065,4.052941176
sr22_low,AUT,electricity,2070,1
sr22_low,AUT,elec_hp,2070,4.188235294
sr22_low,AUT,electricity,2075,1
sr22_low,AUT,elec_hp,2075,4.323529412
sr22_low,AUT,electricity,2080,1
sr22_low,AUT,elec_hp,2080,4.458823529
sr22_low,AUT,electricity,2085,1
sr22_low,AUT,elec_hp,2085,4.594117647
sr22_low,AUT,electricity,2090,1
sr22_low,AUT,elec_hp,2090,4.729411765
sr22_low,AUT,electricity,2095,1
sr22_low,AUT,elec_hp,2095,4.864705882
sr22_low,AUT,electricity,2100,1
sr22_low,AUT,elec_hp,2100,5
sr22_low,AUT,gas,2015,0.9
sr22_low,AUT,gas,2020,0.9
sr22_low,AUT,gas,2025,0.9
sr22_low,AUT,gas,2030,0.9
sr22_low,AUT,gas,2035,0.9
sr22_low,AUT,gas,2040,0.9
sr22_low,AUT,gas,2045,0.9
sr22_low,AUT,gas,2050,0.9
sr22_low,AUT,gas,2055,0.9
sr22_low,AUT,gas,2060,0.9
sr22_low,AUT,gas,2065,0.9
sr22_low,AUT,gas,2070,0.9
sr22_low,AUT,gas,2075,0.9
sr22_low,AUT,gas,2080,0.9
sr22_low,AUT,gas,2085,0.9
sr22_low,AUT,gas,2090,0.9
sr22_low,AUT,gas,2095,0.9
sr22_low,AUT,gas,2100,0.9
sr22_low,AUT,oil,2015,0.86
sr22_low,AUT,oil,2020,0.86
sr22_low,AUT,oil,2025,0.86
sr22_low,AUT,oil,2030,0.86
sr22_low,AUT,oil,2035,0.86
sr22_low,AUT,oil,2040,0.86
sr22_low,AUT,oil,2045,0.86
sr22_low,AUT,oil,2050,0.86
sr22_low,AUT,oil,2055,0.86
sr22_low,AUT,oil,2060,0.86
sr22_low,AUT,oil,2065,0.86
sr22_low,AUT,oil,2070,0.86
sr22_low,AUT,oil,2075,0.86
sr22_low,AUT,oil,2080,0.86
sr22_low,AUT,oil,2085,0.86
sr22_low,AUT,oil,2090,0.86
sr22_low,AUT,oil,2095,0.86
sr22_low,AUT,oil,2100,0.86
sr31_std,AUT,biomass_solid,2015,0.7
sr31_std,AUT,biomass_solid,2020,0.708823529
sr31_std,AUT,biomass_solid,2025,0.717647059
sr31_std,AUT,biomass_solid,2030,0.726470588
sr31_std,AUT,biomass_solid,2035,0.735294118
sr31_std,AUT,biomass_solid,2040,0.744117647
sr31_std,AUT,biomass_solid,2045,0.752941176
sr31_std,AUT,biomass_solid,2050,0.761764706
sr31_std,AUT,biomass_solid,2055,0.770588235
sr31_std,AUT,biomass_solid,2060,0.779411765
sr31_std,AUT,biomass_solid,2065,0.788235294
sr31_std,AUT,biomass_solid,2070,0.797058824
sr31_std,AUT,biomass_solid,2075,0.805882353
sr31_std,AUT,biomass_solid,2080,0.814705882
sr31_std,AUT,biomass_solid,2085,0.823529412
sr31_std,AUT,biomass_solid,2090,0.832352941
sr31_std,AUT,biomass_solid,2095,0.841176471
sr31_std,AUT,biomass_solid,2100,0.85
sr31_std,AUT,coal,2015,0.75
sr31_std,AUT,coal,2020,0.75
sr31_std,AUT,coal,2025,0.75
sr31_std,AUT,coal,2030,0.75
sr31_std,AUT,coal,2035,0.75
sr31_std,AUT,coal,2040,0.75
sr31_std,AUT,coal,2045,0.75
sr31_std,AUT,coal,2050,0.75
sr31_std,AUT,coal,2055,0.75
sr31_std,AUT,coal,2060,0.75
sr31_std,AUT,coal,2065,0.75
sr31_std,AUT,coal,2070,0.75
sr31_std,AUT,coal,2075,0.75
sr31_std,AUT,coal,2080,0.75
sr31_std,AUT,coal,2085,0.75
sr31_std,AUT,coal,2090,0.75
sr31_std,AUT,coal,2095,0.75
sr31_std,AUT,coal,2100,0.75
sr31_std,AUT,district_heat,2015,0.98
sr31_std,AUT,district_heat,2020,0.98
sr31_std,AUT,district_heat,2025,0.98
sr31_std,AUT,district_heat,2030,0.98
sr31_std,AUT,district_heat,2035,0.98
sr31_std,AUT,district_heat,2040,0.98
sr31_std,AUT,district_heat,2045,0.98
sr31_std,AUT,district_heat,2050,0.98
sr31_std,AUT,district_heat,2055,0.98
sr31_std,AUT,district_heat,2060,0.98
sr31_std,AUT,district_heat,2065,0.98
sr31_std,AUT,district_heat,2070,0.98
sr31_std,AUT,district_heat,2075,0.98
sr31_std,AUT,district_heat,2080,0.98
sr31_std,AUT,district_heat,2085,0.98
sr31_std,AUT,district_heat,2090,0.98
sr31_std,AUT,district_heat,2095,0.98
sr31_std,AUT,district_heat,2100,0.98
sr31_std,AUT,electricity,2015,1
sr31_std,AUT,elec_hp,2015,2.5
sr31_std,AUT,electricity,2020,1
sr31_std,AUT,elec_hp,2020,2.647058824
sr31_std,AUT,electricity,2025,1
sr31_std,AUT,elec_hp,2025,2.794117647
sr31_std,AUT,electricity,2030,1
sr31_std,AUT,elec_hp,2030,2.941176471
sr31_std,AUT,electricity,2035,1
sr31_std,AUT,elec_hp,2035,3.088235294
sr31_std,AUT,electricity,2040,1
sr31_std,AUT,elec_hp,2040,3.235294118
sr31_std,AUT,electricity,2045,1
sr31_std,AUT,elec_hp,2045,3.382352941
sr31_std,AUT,electricity,2050,1
sr31_std,AUT,elec_hp,2050,3.529411765
sr31_std,AUT,electricity,2055,1
sr31_std,AUT,elec_hp,2055,3.676470588
sr31_std,AUT,electricity,2060,1
sr31_std,AUT,elec_hp,2060,3.823529412
sr31_std,AUT,electricity,2065,1
sr31_std,AUT,elec_hp,2065,3.970588235
sr31_std,AUT,electricity,2070,1
sr31_std,AUT,elec_hp,2070,4.117647059
sr31_std,AUT,electricity,2075,1
sr31_std,AUT,elec_hp,2075,4.264705882
sr31_std,AUT,electricity,2080,1
sr31_std,AUT,elec_hp,2080,4.411764706
sr31_std,AUT,electricity,2085,1
sr31_std,AUT,elec_hp,2085,4.558823529
sr31_std,AUT,electricity,2090,1
sr31_std,AUT,elec_hp,2090,4.705882353
sr31_std,AUT,electricity,2095,1
sr31_std,AUT,elec_hp,2095,4.852941176
sr31_std,AUT,electricity,2100,1
sr31_std,AUT,elec_hp,2100,5
sr31_std,AUT,gas,2015,0.75
sr31_std,AUT,gas,2020,0.758823529
sr31_std,AUT,gas,2025,0.767647059
sr31_std,AUT,gas,2030,0.776470588
sr31_std,AUT,gas,2035,0.785294118
sr31_std,AUT,gas,2040,0.794117647
sr31_std,AUT,gas,2045,0.802941176
sr31_std,AUT,gas,2050,0.811764706
sr31_std,AUT,gas,2055,0.820588235
sr31_std,AUT,gas,2060,0.829411765
sr31_std,AUT,gas,2065,0.838235294
sr31_std,AUT,gas,2070,0.847058824
sr31_std,AUT,gas,2075,0.855882353
sr31_std,AUT,gas,2080,0.864705882
sr31_std,AUT,gas,2085,0.873529412
sr31_std,AUT,gas,2090,0.882352941
sr31_std,AUT,gas,2095,0.891176471
sr31_std,AUT,gas,2100,0.9
sr31_std,AUT,oil,2015,0.75
sr31_std,AUT,oil,2020,0.756470588
sr31_std,AUT,oil,2025,0.762941176
sr31_std,AUT,oil,2030,0.769411765
sr31_std,AUT,oil,2035,0.775882353
sr31_std,AUT,oil,2040,0.782352941
sr31_std,AUT,oil,2045,0.788823529
sr31_std,AUT,oil,2050,0.795294118
sr31_std,AUT,oil,2055,0.801764706
sr31_std,AUT,oil,2060,0.808235294
sr31_std,AUT,oil,2065,0.814705882
sr31_std,AUT,oil,2070,0.821176471
sr31_std,AUT,oil,2075,0.827647059
sr31_std,AUT,oil,2080,0.834117647
sr31_std,AUT,oil,2085,0.840588235
sr31_std,AUT,oil,2090,0.847058824
sr31_std,AUT,oil,2095,0.853529412
sr31_std,AUT,oil,2100,0.86
sr32_low,AUT,biomass_solid,2015,0.85
sr32_low,AUT,biomass_solid,2020,0.85
sr32_low,AUT,biomass_solid,2025,0.85
sr32_low,AUT,biomass_solid,2030,0.85
sr32_low,AUT,biomass_solid,2035,0.85
sr32_low,AUT,biomass_solid,2040,0.85
sr32_low,AUT,biomass_solid,2045,0.85
sr32_low,AUT,biomass_solid,2050,0.85
sr32_low,AUT,biomass_solid,2055,0.85
sr32_low,AUT,biomass_solid,2060,0.85
sr32_low,AUT,biomass_solid,2065,0.85
sr32_low,AUT,biomass_solid,2070,0.85
sr32_low,AUT,biomass_solid,2075,0.85
sr32_low,AUT,biomass_solid,2080,0.85
sr32_low,AUT,biomass_solid,2085,0.85
sr32_low,AUT,biomass_solid,2090,0.85
sr32_low,AUT,biomass_solid,2095,0.85
sr32_low,AUT,biomass_solid,2100,0.85
sr32_low,AUT,coal,2015,0.75
sr32_low,AUT,coal,2020,0.75
sr32_low,AUT,coal,2025,0.75
sr32_low,AUT,coal,2030,0.75
sr32_low,AUT,coal,2035,0.75
sr32_low,AUT,coal,2040,0.75
sr32_low,AUT,coal,2045,0.75
sr32_low,AUT,coal,2050,0.75
sr32_low,AUT,coal,2055,0.75
sr32_low,AUT,coal,2060,0.75
sr32_low,AUT,coal,2065,0.75
sr32_low,AUT,coal,2070,0.75
sr32_low,AUT,coal,2075,0.75
sr32_low,AUT,coal,2080,0.75
sr32_low,AUT,coal,2085,0.75
sr32_low,AUT,coal,2090,0.75
sr32_low,AUT,coal,2095,0.75
sr32_low,AUT,coal,2100,0.75
sr32_low,AUT,district_heat,2015,0.98
sr32_low,AUT,district_heat,2020,0.98
sr32_low,AUT,district_heat,2025,0.98
sr32_low,AUT,district_heat,2030,0.98
sr32_low,AUT,district_heat,2035,0.98
sr32_low,AUT,district_heat,2040,0.98
sr32_low,AUT,district_heat,2045,0.98
sr32_low,AUT,district_heat,2050,0.98
sr32_low,AUT,district_heat,2055,0.98
sr32_low,AUT,district_heat,2060,0.98
sr32_low,AUT,district_heat,2065,0.98
sr32_low,AUT,district_heat,2070,0.98
sr32_low,AUT,district_heat,2075,0.98
sr32_low,AUT,district_heat,2080,0.98
sr32_low,AUT,district_heat,2085,0.98
sr32_low,AUT,district_heat,2090,0.98
sr32_low,AUT,district_heat,2095,0.98
sr32_low,AUT,district_heat,2100,0.98
sr32_low,AUT,electricity,2015,1
sr32_low,AUT,elec_hp,2015,2.7
sr32_low,AUT,electricity,2020,1
sr32_low,AUT,elec_hp,2020,2.835294118
sr32_low,AUT,electricity,2025,1
sr32_low,AUT,elec_hp,2025,2.970588235
sr32_low,AUT,electricity,2030,1
sr32_low,AUT,elec_hp,2030,3.105882353
sr32_low,AUT,electricity,2035,1
sr32_low,AUT,elec_hp,2035,3.241176471
sr32_low,AUT,electricity,2040,1
sr32_low,AUT,elec_hp,2040,3.376470588
sr32_low,AUT,electricity,2045,1
sr32_low,AUT,elec_hp,2045,3.511764706
sr32_low,AUT,electricity,2050,1
sr32_low,AUT,elec_hp,2050,3.647058824
sr32_low,AUT,electricity,2055,1
sr32_low,AUT,elec_hp,2055,3.782352941
sr32_low,AUT,electricity,2060,1
sr32_low,AUT,elec_hp,2060,3.917647059
sr32_low,AUT,electricity,2065,1
sr32_low,AUT,elec_hp,2065,4.052941176
sr32_low,AUT,electricity,2070,1
sr32_low,AUT,elec_hp,2070,4.188235294
sr32_low,AUT,electricity,2075,1
sr32_low,AUT,elec_hp,2075,4.323529412
sr32_low,AUT,electricity,2080,1
sr32_low,AUT,elec_hp,2080,4.458823529
sr32_low,AUT,electricity,2085,1
sr32_low,AUT,elec_hp,2085,4.594117647
sr32_low,AUT,electricity,2090,1
sr32_low,AUT,elec_hp,2090,4.729411765
sr32_low,AUT,electricity,2095,1
sr32_low,AUT,elec_hp,2095,4.864705882
sr32_low,AUT,electricity,2100,1
sr32_low,AUT,elec_hp,2100,5
sr32_low,AUT,gas,2015,0.9
sr32_low,AUT,gas,2020,0.9
sr32_low,AUT,gas,2025,0.9
sr32_low,AUT,gas,2030,0.9
sr32_low,AUT,gas,2035,0.9
sr32_low,AUT,gas,2040,0.9
sr32_low,AUT,gas,2045,0.9
sr32_low,AUT,gas,2050,0.9
sr32_low,AUT,gas,2055,0.9
sr32_low,AUT,gas,2060,0.9
sr32_low,AUT,gas,2065,0.9
sr32_low,AUT,gas,2070,0.9
sr32_low,AUT,gas,2075,0.9
sr32_low,AUT,gas,2080,0.9
sr32_low,AUT,gas,2085,0.9
sr32_low,AUT,gas,2090,0.9
sr32_low,AUT,gas,2095,0.9
sr32_low,AUT,gas,2100,0.9
sr32_low,AUT,oil,2015,0.86
sr32_low,AUT,oil,2020,0.86
sr32_low,AUT,oil,2025,0.86
sr32_low,AUT,oil,2030,0.86
sr32_low,AUT,oil,2035,0.86
sr32_low,AUT,oil,2040,0.86
sr32_low,AUT,oil,2045,0.86
sr32_low,AUT,oil,2050,0.86
sr32_low,AUT,oil,2055,0.86
sr32_low,AUT,oil,2060,0.86
sr32_low,AUT,oil,2065,0.86
sr32_low,AUT,oil,2070,0.86
sr32_low,AUT,oil,2075,0.86
sr32_low,AUT,oil,2080,0.86
sr32_low,AUT,oil,2085,0.86
sr32_low,AUT,oil,2090,0.86
sr32_low,AUT,oil,2095,0.86
sr32_low,AUT,oil,2100,0.86
