region_bld,clim,urt,arch,eneff,value
C-AUT,Zone_4A Mixed Humid,rur,inf,ns,773.331058
C-AUT,Zone_4A Mixed Humid,rur,mfh,s1,317.5190089
C-AUT,Zone_4A Mixed Humid,rur,mfh,s2,217.6332016
C-AUT,Zone_4A Mixed Humid,rur,mfh,s3,108.3301277
C-AUT,Zone_4A Mixed Humid,rur,mfh,s51_std,79.43199485
C-AUT,Zone_4A Mixed Humid,rur,mfh,s52_low,43.06442525
C-AUT,Zone_4A Mixed Humid,rur,mfh,sr11_std,317.5190089
C-AUT,Zone_4A Mixed Humid,rur,mfh,sr12_low,317.5190089
C-AUT,Zone_4A Mixed Humid,rur,mfh,sr21_std,217.6332016
C-AUT,Zone_4A Mixed Humid,rur,mfh,sr22_low,217.6332016
C-AUT,Zone_4A Mixed Humid,rur,mfh,sr31_std,108.3301277
C-AUT,Zone_4A Mixed Humid,rur,mfh,sr32_low,108.3301277
C-AUT,Zone_4A Mixed Humid,rur,sfh,s1,773.331058
C-AUT,Zone_4A Mixed Humid,rur,sfh,s2,533.1919071
C-AUT,Zone_4A Mixed Humid,rur,sfh,s3,264.9955199
C-AUT,Zone_4A Mixed Humid,rur,sfh,s51_std,191.8708555
C-AUT,Zone_4A Mixed Humid,rur,sfh,s52_low,97.40154913
C-AUT,Zone_4A Mixed Humid,rur,sfh,sr11_std,773.331058
C-AUT,Zone_4A Mixed Humid,rur,sfh,sr12_low,773.331058
C-AUT,Zone_4A Mixed Humid,rur,sfh,sr21_std,533.1919071
C-AUT,Zone_4A Mixed Humid,rur,sfh,sr22_low,533.1919071
C-AUT,Zone_4A Mixed Humid,rur,sfh,sr31_std,264.9955199
C-AUT,Zone_4A Mixed Humid,rur,sfh,sr32_low,264.9955199
C-AUT,Zone_4A Mixed Humid,urb,inf,ns,773.331058
C-AUT,Zone_4A Mixed Humid,urb,mfh,s1,317.5190089
C-AUT,Zone_4A Mixed Humid,urb,mfh,s2,217.6332016
C-AUT,Zone_4A Mixed Humid,urb,mfh,s3,108.3301277
C-AUT,Zone_4A Mixed Humid,urb,mfh,s51_std,79.43199485
C-AUT,Zone_4A Mixed Humid,urb,mfh,s52_low,43.06442525
C-AUT,Zone_4A Mixed Humid,urb,mfh,sr11_std,317.5190089
C-AUT,Zone_4A Mixed Humid,urb,mfh,sr12_low,317.5190089
C-AUT,Zone_4A Mixed Humid,urb,mfh,sr21_std,217.6332016
C-AUT,Zone_4A Mixed Humid,urb,mfh,sr22_low,217.6332016
C-AUT,Zone_4A Mixed Humid,urb,mfh,sr31_std,108.3301277
C-AUT,Zone_4A Mixed Humid,urb,mfh,sr32_low,108.3301277
C-AUT,Zone_4A Mixed Humid,urb,sfh,s1,773.331058
C-AUT,Zone_4A Mixed Humid,urb,sfh,s2,533.1919071
C-AUT,Zone_4A Mixed Humid,urb,sfh,s3,264.9955199
C-AUT,Zone_4A Mixed Humid,urb,sfh,s51_std,191.8708555
C-AUT,Zone_4A Mixed Humid,urb,sfh,s52_low,97.40154913
C-AUT,Zone_4A Mixed Humid,urb,sfh,sr11_std,773.331058
C-AUT,Zone_4A Mixed Humid,urb,sfh,sr12_low,773.331058
C-AUT,Zone_4A Mixed Humid,urb,sfh,sr21_std,533.1919071
C-AUT,Zone_4A Mixed Humid,urb,sfh,sr22_low,533.1919071
C-AUT,Zone_4A Mixed Humid,urb,sfh,sr31_std,264.9955199
C-AUT,Zone_4A Mixed Humid,urb,sfh,sr32_low,264.9955199
C-AUT,Zone_5A Cool Humid,rur,inf,ns,903.5435379
C-AUT,Zone_5A Cool Humid,rur,mfh,s1,371.5046889
C-AUT,Zone_5A Cool Humid,rur,mfh,s2,254.4723668
C-AUT,Zone_5A Cool Humid,rur,mfh,s3,126.2694885
C-AUT,Zone_5A Cool Humid,rur,mfh,s51_std,92.23866344
C-AUT,Zone_5A Cool Humid,rur,mfh,s52_low,49.93454667
C-AUT,Zone_5A Cool Humid,rur,mfh,sr11_std,371.5046889
C-AUT,Zone_5A Cool Humid,rur,mfh,sr12_low,371.5046889
C-AUT,Zone_5A Cool Humid,rur,mfh,sr21_std,254.4723668
C-AUT,Zone_5A Cool Humid,rur,mfh,sr22_low,254.4723668
C-AUT,Zone_5A Cool Humid,rur,mfh,sr31_std,126.2694885
C-AUT,Zone_5A Cool Humid,rur,mfh,sr32_low,126.2694885
C-AUT,Zone_5A Cool Humid,rur,sfh,s1,903.5435379
C-AUT,Zone_5A Cool Humid,rur,sfh,s2,623.3574418
C-AUT,Zone_5A Cool Humid,rur,sfh,s3,309.9055917
C-AUT,Zone_5A Cool Humid,rur,sfh,s51_std,224.2080343
C-AUT,Zone_5A Cool Humid,rur,sfh,s52_low,113.4176378
C-AUT,Zone_5A Cool Humid,rur,sfh,sr11_std,903.5435379
C-AUT,Zone_5A Cool Humid,rur,sfh,sr12_low,903.5435379
C-AUT,Zone_5A Cool Humid,rur,sfh,sr21_std,623.3574418
C-AUT,Zone_5A Cool Humid,rur,sfh,sr22_low,623.3574418
C-AUT,Zone_5A Cool Humid,rur,sfh,sr31_std,309.9055917
C-AUT,Zone_5A Cool Humid,rur,sfh,sr32_low,309.9055917
C-AUT,Zone_5A Cool Humid,urb,inf,ns,872.4772788
C-AUT,Zone_5A Cool Humid,urb,mfh,s1,358.7169506
C-AUT,Zone_5A Cool Humid,urb,mfh,s2,245.773977
C-AUT,Zone_5A Cool Humid,urb,mfh,s3,122.0735852
C-AUT,Zone_5A Cool Humid,urb,mfh,s51_std,89.25693883
C-AUT,Zone_5A Cool Humid,urb,mfh,s52_low,48.39824056
C-AUT,Zone_5A Cool Humid,urb,mfh,sr11_std,358.7169506
C-AUT,Zone_5A Cool Humid,urb,mfh,sr12_low,358.7169506
C-AUT,Zone_5A Cool Humid,urb,mfh,sr21_std,245.773977
C-AUT,Zone_5A Cool Humid,urb,mfh,sr22_low,245.773977
C-AUT,Zone_5A Cool Humid,urb,mfh,sr31_std,122.0735852
C-AUT,Zone_5A Cool Humid,urb,mfh,sr32_low,122.0735852
C-AUT,Zone_5A Cool Humid,urb,sfh,s1,872.4772788
C-AUT,Zone_5A Cool Humid,urb,sfh,s2,601.91425
C-AUT,Zone_5A Cool Humid,urb,sfh,s3,299.2849949
C-AUT,Zone_5A Cool Humid,urb,sfh,s51_std,216.5841617
C-AUT,Zone_5A Cool Humid,urb,sfh,s52_low,109.6716253
C-AUT,Zone_5A Cool Humid,urb,sfh,sr11_std,872.4772788
C-AUT,Zone_5A Cool Humid,urb,sfh,sr12_low,872.4772788
C-AUT,Zone_5A Cool Humid,urb,sfh,sr21_std,601.91425
C-AUT,Zone_5A Cool Humid,urb,sfh,sr22_low,601.91425
C-AUT,Zone_5A Cool Humid,urb,sfh,sr31_std,299.2849949
C-AUT,Zone_5A Cool Humid,urb,sfh,sr32_low,299.2849949
C-AUT,Zone_6A Cold Humid,rur,inf,ns,1111.335806
C-AUT,Zone_6A Cold Humid,rur,mfh,s1,459.1370047
C-AUT,Zone_6A Cold Humid,rur,mfh,s2,315.1343358
C-AUT,Zone_6A Cold Humid,rur,mfh,s3,156.0795221
C-AUT,Zone_6A Cold Humid,rur,mfh,s51_std,113.5967737
C-AUT,Zone_6A Cold Humid,rur,mfh,s52_low,60.58627574
C-AUT,Zone_6A Cold Humid,rur,mfh,sr11_std,459.1370047
C-AUT,Zone_6A Cold Humid,rur,mfh,sr12_low,459.1370047
C-AUT,Zone_6A Cold Humid,rur,mfh,sr21_std,315.1343358
C-AUT,Zone_6A Cold Humid,rur,mfh,sr22_low,315.1343358
C-AUT,Zone_6A Cold Humid,rur,mfh,sr31_std,156.0795221
C-AUT,Zone_6A Cold Humid,rur,mfh,sr32_low,156.0795221
C-AUT,Zone_6A Cold Humid,rur,sfh,s1,1111.335806
C-AUT,Zone_6A Cold Humid,rur,sfh,s2,768.0832436
C-AUT,Zone_6A Cold Humid,rur,sfh,s3,383.398802
C-AUT,Zone_6A Cold Humid,rur,sfh,s51_std,277.7246332
C-AUT,Zone_6A Cold Humid,rur,sfh,s52_low,140.0503065
C-AUT,Zone_6A Cold Humid,rur,sfh,sr11_std,1111.335806
C-AUT,Zone_6A Cold Humid,rur,sfh,sr12_low,1111.335806
C-AUT,Zone_6A Cold Humid,rur,sfh,sr21_std,768.0832436
C-AUT,Zone_6A Cold Humid,rur,sfh,sr22_low,768.0832436
C-AUT,Zone_6A Cold Humid,rur,sfh,sr31_std,383.398802
C-AUT,Zone_6A Cold Humid,rur,sfh,sr32_low,383.398802
C-AUT,Zone_6A Cold Humid,urb,inf,ns,1071.917369
C-AUT,Zone_6A Cold Humid,urb,mfh,s1,441.9027206
C-AUT,Zone_6A Cold Humid,urb,mfh,s2,302.832618
C-AUT,Zone_6A Cold Humid,urb,mfh,s3,149.3944389
C-AUT,Zone_6A Cold Humid,urb,mfh,s51_std,108.5371452
C-AUT,Zone_6A Cold Humid,urb,mfh,s52_low,57.63337135
C-AUT,Zone_6A Cold Humid,urb,mfh,sr11_std,441.9027206
C-AUT,Zone_6A Cold Humid,urb,mfh,sr12_low,441.9027206
C-AUT,Zone_6A Cold Humid,urb,mfh,sr21_std,302.832618
C-AUT,Zone_6A Cold Humid,urb,mfh,sr22_low,302.832618
C-AUT,Zone_6A Cold Humid,urb,mfh,sr31_std,149.3944389
C-AUT,Zone_6A Cold Humid,urb,mfh,sr32_low,149.3944389
C-AUT,Zone_6A Cold Humid,urb,sfh,s1,1071.917369
C-AUT,Zone_6A Cold Humid,urb,sfh,s2,740.3129406
C-AUT,Zone_6A Cold Humid,urb,sfh,s3,368.6977016
C-AUT,Zone_6A Cold Humid,urb,sfh,s51_std,266.7004897
C-AUT,Zone_6A Cold Humid,urb,sfh,s52_low,133.9702932
C-AUT,Zone_6A Cold Humid,urb,sfh,sr11_std,1071.917369
C-AUT,Zone_6A Cold Humid,urb,sfh,sr12_low,1071.917369
C-AUT,Zone_6A Cold Humid,urb,sfh,sr21_std,740.3129406
C-AUT,Zone_6A Cold Humid,urb,sfh,sr22_low,740.3129406
C-AUT,Zone_6A Cold Humid,urb,sfh,sr31_std,368.6977016
C-AUT,Zone_6A Cold Humid,urb,sfh,sr32_low,368.6977016
