region_bld,urt,year,value
C-AUT,rur,2015,2.236
C-AUT,rur,2020,2.196
C-AUT,rur,2025,2.163
C-AUT,rur,2030,2.133
C-AUT,rur,2035,2.104
C-AUT,rur,2040,2.074
C-AUT,rur,2045,2.049
C-AUT,rur,2050,2.034
C-AUT,rur,2055,2.027
C-AUT,rur,2060,2.022
C-AUT,rur,2065,2.016
C-AUT,rur,2070,2.006
C-AUT,rur,2075,1.996
C-AUT,rur,2080,1.989
C-AUT,rur,2085,1.989
C-AUT,rur,2090,1.989
C-AUT,rur,2095,1.989
C-AUT,rur,2100,1.989
C-AUT,urb,2015,2.236
C-AUT,urb,2020,2.196
C-AUT,urb,2025,2.163
C-AUT,urb,2030,2.133
C-AUT,urb,2035,2.104
C-AUT,urb,2040,2.074
C-AUT,urb,2045,2.049
C-AUT,urb,2050,2.034
C-AUT,urb,2055,2.027
C-AUT,urb,2060,2.022
C-AUT,urb,2065,2.016
C-AUT,urb,2070,2.006
C-AUT,urb,2075,1.996
C-AUT,urb,2080,1.989
C-AUT,urb,2085,1.989
C-AUT,urb,2090,1.989
C-AUT,urb,2095,1.989
C-AUT,urb,2100,1.989
