region_bld,year,urt,value
C-AUT,2020,rur,0.4129999999999999
C-AUT,2020,urb,0.5870000000000001
C-AUT,2025,rur,0.39368000000000003
C-AUT,2025,urb,0.60632
C-AUT,2030,rur,0.37531000000000003
C-AUT,2030,urb,0.62469
C-AUT,2035,rur,0.35786000000000007
C-AUT,2035,urb,0.6421399999999999
C-AUT,2040,rur,0.34132000000000007
C-AUT,2040,urb,0.6586799999999999
C-AUT,2045,rur,0.32565
C-AUT,2045,urb,0.67435
C-AUT,2050,rur,0.31082
C-AUT,2050,urb,0.68918
C-AUT,2055,rur,0.29680000000000006
C-AUT,2055,urb,0.7031999999999999
C-AUT,2060,rur,0.28352999999999995
C-AUT,2060,urb,0.71647
C-AUT,2065,rur,0.27099000000000006
C-AUT,2065,urb,0.7290099999999999
C-AUT,2070,rur,0.25912999999999997
C-AUT,2070,urb,0.74087
C-AUT,2075,rur,0.24792000000000006
C-AUT,2075,urb,0.75208
C-AUT,2080,rur,0.23730999999999994
C-AUT,2080,urb,0.7626900000000001
C-AUT,2085,rur,0.22727999999999993
C-AUT,2085,urb,0.7727200000000001
C-AUT,2090,rur,0.21778000000000008
C-AUT,2090,urb,0.7822199999999999
C-AUT,2095,rur,0.20877999999999997
C-AUT,2095,urb,0.79122
C-AUT,2100,rur,0.20026
C-AUT,2100,urb,0.79974
