region_gea,fuel_heat,bld_age_min,year,value
AUT,gas,20,2020,0.02
AUT,gas,20,2025,0.02
AUT,gas,20,2030,0.02
AUT,gas,20,2035,0.02
AUT,gas,20,2040,0.02
AUT,gas,20,2045,0.02
AUT,gas,20,2050,0.02
AUT,gas,20,2055,0.02
AUT,gas,20,2060,0.02
AUT,gas,20,2065,0.02
AUT,gas,20,2070,0.02
AUT,gas,20,2075,0.02
AUT,gas,20,2080,0.02
AUT,gas,20,2085,0.02
AUT,gas,20,2090,0.02
AUT,gas,20,2095,0.02
AUT,gas,20,2100,0.02
AUT,oil,20,2020,0.01
AUT,oil,20,2025,0.01
AUT,oil,20,2030,0.01
AUT,oil,20,2035,0.01
AUT,oil,20,2040,0.01
AUT,oil,20,2045,0.01
AUT,oil,20,2050,0.01
AUT,oil,20,2055,0.01
AUT,oil,20,2060,0.01
AUT,oil,20,2065,0.01
AUT,oil,20,2070,0.01
AUT,oil,20,2075,0.01
AUT,oil,20,2080,0.01
AUT,oil,20,2085,0.01
AUT,oil,20,2090,0.01
AUT,oil,20,2095,0.01
AUT,oil,20,2100,0.01
