region_gea,material,year,eol_treat,value
AUT,aluminum,2015,reuse,0
AUT,aluminum,2015,recycling,0.8
AUT,aluminum,2015,downcycling,0
AUT,aluminum,2015,others,0.2
AUT,aluminum,2020,reuse,0
AUT,aluminum,2020,recycling,0.8
AUT,aluminum,2020,downcycling,0
AUT,aluminum,2020,others,0.2
AUT,aluminum,2025,reuse,0
AUT,aluminum,2025,recycling,0.8
AUT,aluminum,2025,downcycling,0
AUT,aluminum,2025,others,0.2
AUT,aluminum,2030,reuse,0
AUT,aluminum,2030,recycling,0.8
AUT,aluminum,2030,downcycling,0
AUT,aluminum,2030,others,0.2
AUT,aluminum,2035,reuse,0
AUT,aluminum,2035,recycling,0.8
AUT,aluminum,2035,downcycling,0
AUT,aluminum,2035,others,0.2
AUT,aluminum,2040,reuse,0
AUT,aluminum,2040,recycling,0.8
AUT,aluminum,2040,downcycling,0
AUT,aluminum,2040,others,0.2
AUT,aluminum,2045,reuse,0
AUT,aluminum,2045,recycling,0.8
AUT,aluminum,2045,downcycling,0
AUT,aluminum,2045,others,0.2
AUT,aluminum,2050,reuse,0
AUT,aluminum,2050,recycling,0.8
AUT,aluminum,2050,downcycling,0
AUT,aluminum,2050,others,0.2
AUT,aluminum,2055,reuse,0
AUT,aluminum,2055,recycling,0.8
AUT,aluminum,2055,downcycling,0
AUT,aluminum,2055,others,0.2
AUT,aluminum,2060,reuse,0
AUT,aluminum,2060,recycling,0.8
AUT,aluminum,2060,downcycling,0
AUT,aluminum,2060,others,0.2
AUT,aluminum,2065,reuse,0
AUT,aluminum,2065,recycling,0.8
AUT,aluminum,2065,downcycling,0
AUT,aluminum,2065,others,0.2
AUT,aluminum,2070,reuse,0
AUT,aluminum,2070,recycling,0.8
AUT,aluminum,2070,downcycling,0
AUT,aluminum,2070,others,0.2
AUT,aluminum,2075,reuse,0
AUT,aluminum,2075,recycling,0.8
AUT,aluminum,2075,downcycling,0
AUT,aluminum,2075,others,0.2
AUT,aluminum,2080,reuse,0
AUT,aluminum,2080,recycling,0.8
AUT,aluminum,2080,downcycling,0
AUT,aluminum,2080,others,0.2
AUT,aluminum,2085,reuse,0
AUT,aluminum,2085,recycling,0.8
AUT,aluminum,2085,downcycling,0
AUT,aluminum,2085,others,0.2
AUT,aluminum,2090,reuse,0
AUT,aluminum,2090,recycling,0.8
AUT,aluminum,2090,downcycling,0
AUT,aluminum,2090,others,0.2
AUT,aluminum,2095,reuse,0
AUT,aluminum,2095,recycling,0.8
AUT,aluminum,2095,downcycling,0
AUT,aluminum,2095,others,0.2
AUT,aluminum,2100,reuse,0
AUT,aluminum,2100,recycling,0.8
AUT,aluminum,2100,downcycling,0
AUT,aluminum,2100,others,0.2
AUT,concrete,2015,reuse,0.02
AUT,concrete,2015,recycling,0.01
AUT,concrete,2015,downcycling,0.65
AUT,concrete,2015,others,0.32
AUT,concrete,2020,reuse,0.02
AUT,concrete,2020,recycling,0.01
AUT,concrete,2020,downcycling,0.65
AUT,concrete,2020,others,0.32
AUT,concrete,2025,reuse,0.02
AUT,concrete,2025,recycling,0.01
AUT,concrete,2025,downcycling,0.65
AUT,concrete,2025,others,0.32
AUT,concrete,2030,reuse,0.02
AUT,concrete,2030,recycling,0.01
AUT,concrete,2030,downcycling,0.65
AUT,concrete,2030,others,0.32
AUT,concrete,2035,reuse,0.02
AUT,concrete,2035,recycling,0.01
AUT,concrete,2035,downcycling,0.65
AUT,concrete,2035,others,0.32
AUT,concrete,2040,reuse,0.02
AUT,concrete,2040,recycling,0.01
AUT,concrete,2040,downcycling,0.65
AUT,concrete,2040,others,0.32
AUT,concrete,2045,reuse,0.02
AUT,concrete,2045,recycling,0.01
AUT,concrete,2045,downcycling,0.65
AUT,concrete,2045,others,0.32
AUT,concrete,2050,reuse,0.02
AUT,concrete,2050,recycling,0.01
AUT,concrete,2050,downcycling,0.65
AUT,concrete,2050,others,0.32
AUT,concrete,2055,reuse,0.02
AUT,concrete,2055,recycling,0.01
AUT,concrete,2055,downcycling,0.65
AUT,concrete,2055,others,0.32
AUT,concrete,2060,reuse,0.02
AUT,concrete,2060,recycling,0.01
AUT,concrete,2060,downcycling,0.65
AUT,concrete,2060,others,0.32
AUT,concrete,2065,reuse,0.02
AUT,concrete,2065,recycling,0.01
AUT,concrete,2065,downcycling,0.65
AUT,concrete,2065,others,0.32
AUT,concrete,2070,reuse,0.02
AUT,concrete,2070,recycling,0.01
AUT,concrete,2070,downcycling,0.65
AUT,concrete,2070,others,0.32
AUT,concrete,2075,reuse,0.02
AUT,concrete,2075,recycling,0.01
AUT,concrete,2075,downcycling,0.65
AUT,concrete,2075,others,0.32
AUT,concrete,2080,reuse,0.02
AUT,concrete,2080,recycling,0.01
AUT,concrete,2080,downcycling,0.65
AUT,concrete,2080,others,0.32
AUT,concrete,2085,reuse,0.02
AUT,concrete,2085,recycling,0.01
AUT,concrete,2085,downcycling,0.65
AUT,concrete,2085,others,0.32
AUT,concrete,2090,reuse,0.02
AUT,concrete,2090,recycling,0.01
AUT,concrete,2090,downcycling,0.65
AUT,concrete,2090,others,0.32
AUT,concrete,2095,reuse,0.02
AUT,concrete,2095,recycling,0.01
AUT,concrete,2095,downcycling,0.65
AUT,concrete,2095,others,0.32
AUT,concrete,2100,reuse,0.02
AUT,concrete,2100,recycling,0.01
AUT,concrete,2100,downcycling,0.65
AUT,concrete,2100,others,0.32
AUT,copper,2015,reuse,0
AUT,copper,2015,recycling,0.38
AUT,copper,2015,downcycling,0
AUT,copper,2015,others,0.62
AUT,copper,2020,reuse,0
AUT,copper,2020,recycling,0.38
AUT,copper,2020,downcycling,0
AUT,copper,2020,others,0.62
AUT,copper,2025,reuse,0
AUT,copper,2025,recycling,0.38
AUT,copper,2025,downcycling,0
AUT,copper,2025,others,0.62
AUT,copper,2030,reuse,0
AUT,copper,2030,recycling,0.38
AUT,copper,2030,downcycling,0
AUT,copper,2030,others,0.62
AUT,copper,2035,reuse,0
AUT,copper,2035,recycling,0.38
AUT,copper,2035,downcycling,0
AUT,copper,2035,others,0.62
AUT,copper,2040,reuse,0
AUT,copper,2040,recycling,0.38
AUT,copper,2040,downcycling,0
AUT,copper,2040,others,0.62
AUT,copper,2045,reuse,0
AUT,copper,2045,recycling,0.38
AUT,copper,2045,downcycling,0
AUT,copper,2045,others,0.62
AUT,copper,2050,reuse,0
AUT,copper,2050,recycling,0.38
AUT,copper,2050,downcycling,0
AUT,copper,2050,others,0.62
AUT,copper,2055,reuse,0
AUT,copper,2055,recycling,0.38
AUT,copper,2055,downcycling,0
AUT,copper,2055,others,0.62
AUT,copper,2060,reuse,0
AUT,copper,2060,recycling,0.38
AUT,copper,2060,downcycling,0
AUT,copper,2060,others,0.62
AUT,copper,2065,reuse,0
AUT,copper,2065,recycling,0.38
AUT,copper,2065,downcycling,0
AUT,copper,2065,others,0.62
AUT,copper,2070,reuse,0
AUT,copper,2070,recycling,0.38
AUT,copper,2070,downcycling,0
AUT,copper,2070,others,0.62
AUT,copper,2075,reuse,0
AUT,copper,2075,recycling,0.38
AUT,copper,2075,downcycling,0
AUT,copper,2075,others,0.62
AUT,copper,2080,reuse,0
AUT,copper,2080,recycling,0.38
AUT,copper,2080,downcycling,0
AUT,copper,2080,others,0.62
AUT,copper,2085,reuse,0
AUT,copper,2085,recycling,0.38
AUT,copper,2085,downcycling,0
AUT,copper,2085,others,0.62
AUT,copper,2090,reuse,0
AUT,copper,2090,recycling,0.38
AUT,copper,2090,downcycling,0
AUT,copper,2090,others,0.62
AUT,copper,2095,reuse,0
AUT,copper,2095,recycling,0.38
AUT,copper,2095,downcycling,0
AUT,copper,2095,others,0.62
AUT,copper,2100,reuse,0
AUT,copper,2100,recycling,0.38
AUT,copper,2100,downcycling,0
AUT,copper,2100,others,0.62
AUT,glass,2015,reuse,0.02
AUT,glass,2015,recycling,0.05
AUT,glass,2015,downcycling,0.45
AUT,glass,2015,others,0.53
AUT,glass,2020,reuse,0.02
AUT,glass,2020,recycling,0.05
AUT,glass,2020,downcycling,0.45
AUT,glass,2020,others,0.53
AUT,glass,2025,reuse,0.02
AUT,glass,2025,recycling,0.05
AUT,glass,2025,downcycling,0.45
AUT,glass,2025,others,0.53
AUT,glass,2030,reuse,0.02
AUT,glass,2030,recycling,0.05
AUT,glass,2030,downcycling,0.45
AUT,glass,2030,others,0.53
AUT,glass,2035,reuse,0.02
AUT,glass,2035,recycling,0.05
AUT,glass,2035,downcycling,0.45
AUT,glass,2035,others,0.53
AUT,glass,2040,reuse,0.02
AUT,glass,2040,recycling,0.05
AUT,glass,2040,downcycling,0.45
AUT,glass,2040,others,0.53
AUT,glass,2045,reuse,0.02
AUT,glass,2045,recycling,0.05
AUT,glass,2045,downcycling,0.45
AUT,glass,2045,others,0.53
AUT,glass,2050,reuse,0.02
AUT,glass,2050,recycling,0.05
AUT,glass,2050,downcycling,0.45
AUT,glass,2050,others,0.53
AUT,glass,2055,reuse,0.02
AUT,glass,2055,recycling,0.05
AUT,glass,2055,downcycling,0.45
AUT,glass,2055,others,0.53
AUT,glass,2060,reuse,0.02
AUT,glass,2060,recycling,0.05
AUT,glass,2060,downcycling,0.45
AUT,glass,2060,others,0.53
AUT,glass,2065,reuse,0.02
AUT,glass,2065,recycling,0.05
AUT,glass,2065,downcycling,0.45
AUT,glass,2065,others,0.53
AUT,glass,2070,reuse,0.02
AUT,glass,2070,recycling,0.05
AUT,glass,2070,downcycling,0.45
AUT,glass,2070,others,0.53
AUT,glass,2075,reuse,0.02
AUT,glass,2075,recycling,0.05
AUT,glass,2075,downcycling,0.45
AUT,glass,2075,others,0.53
AUT,glass,2080,reuse,0.02
AUT,glass,2080,recycling,0.05
AUT,glass,2080,downcycling,0.45
AUT,glass,2080,others,0.53
AUT,glass,2085,reuse,0.02
AUT,glass,2085,recycling,0.05
AUT,glass,2085,downcycling,0.45
AUT,glass,2085,others,0.53
AUT,glass,2090,reuse,0.02
AUT,glass,2090,recycling,0.05
AUT,glass,2090,downcycling,0.45
AUT,glass,2090,others,0.53
AUT,glass,2095,reuse,0.02
AUT,glass,2095,recycling,0.05
AUT,glass,2095,downcycling,0.45
AUT,glass,2095,others,0.53
AUT,glass,2100,reuse,0.02
AUT,glass,2100,recycling,0.05
AUT,glass,2100,downcycling,0.45
AUT,glass,2100,others,0.53
AUT,steel,2015,reuse,0.08
AUT,steel,2015,recycling,0.88
AUT,steel,2015,downcycling,0
AUT,steel,2015,others,0.01
AUT,steel,2020,reuse,0.08
AUT,steel,2020,recycling,0.88
AUT,steel,2020,downcycling,0
AUT,steel,2020,others,0.01
AUT,steel,2025,reuse,0.08
AUT,steel,2025,recycling,0.88
AUT,steel,2025,downcycling,0
AUT,steel,2025,others,0.01
AUT,steel,2030,reuse,0.08
AUT,steel,2030,recycling,0.88
AUT,steel,2030,downcycling,0
AUT,steel,2030,others,0.01
AUT,steel,2035,reuse,0.08
AUT,steel,2035,recycling,0.88
AUT,steel,2035,downcycling,0
AUT,steel,2035,others,0.01
AUT,steel,2040,reuse,0.08
AUT,steel,2040,recycling,0.88
AUT,steel,2040,downcycling,0
AUT,steel,2040,others,0.01
AUT,steel,2045,reuse,0.08
AUT,steel,2045,recycling,0.88
AUT,steel,2045,downcycling,0
AUT,steel,2045,others,0.01
AUT,steel,2050,reuse,0.08
AUT,steel,2050,recycling,0.88
AUT,steel,2050,downcycling,0
AUT,steel,2050,others,0.01
AUT,steel,2055,reuse,0.08
AUT,steel,2055,recycling,0.88
AUT,steel,2055,downcycling,0
AUT,steel,2055,others,0.01
AUT,steel,2060,reuse,0.08
AUT,steel,2060,recycling,0.88
AUT,steel,2060,downcycling,0
AUT,steel,2060,others,0.01
AUT,steel,2065,reuse,0.08
AUT,steel,2065,recycling,0.88
AUT,steel,2065,downcycling,0
AUT,steel,2065,others,0.01
AUT,steel,2070,reuse,0.08
AUT,steel,2070,recycling,0.88
AUT,steel,2070,downcycling,0
AUT,steel,2070,others,0.01
AUT,steel,2075,reuse,0.08
AUT,steel,2075,recycling,0.88
AUT,steel,2075,downcycling,0
AUT,steel,2075,others,0.01
AUT,steel,2080,reuse,0.08
AUT,steel,2080,recycling,0.88
AUT,steel,2080,downcycling,0
AUT,steel,2080,others,0.01
AUT,steel,2085,reuse,0.08
AUT,steel,2085,recycling,0.88
AUT,steel,2085,downcycling,0
AUT,steel,2085,others,0.01
AUT,steel,2090,reuse,0.08
AUT,steel,2090,recycling,0.88
AUT,steel,2090,downcycling,0
AUT,steel,2090,others,0.01
AUT,steel,2095,reuse,0.08
AUT,steel,2095,recycling,0.88
AUT,steel,2095,downcycling,0
AUT,steel,2095,others,0.01
AUT,steel,2100,reuse,0.08
AUT,steel,2100,recycling,0.88
AUT,steel,2100,downcycling,0
AUT,steel,2100,others,0.01
AUT,wood,2015,reuse,0.1
AUT,wood,2015,recycling,0
AUT,wood,2015,downcycling,0.35
AUT,wood,2015,others,0.55
AUT,wood,2020,reuse,0.1
AUT,wood,2020,recycling,0
AUT,wood,2020,downcycling,0.35
AUT,wood,2020,others,0.55
AUT,wood,2025,reuse,0.1
AUT,wood,2025,recycling,0
AUT,wood,2025,downcycling,0.35
AUT,wood,2025,others,0.55
AUT,wood,2030,reuse,0.1
AUT,wood,2030,recycling,0
AUT,wood,2030,downcycling,0.35
AUT,wood,2030,others,0.55
AUT,wood,2035,reuse,0.1
AUT,wood,2035,recycling,0
AUT,wood,2035,downcycling,0.35
AUT,wood,2035,others,0.55
AUT,wood,2040,reuse,0.1
AUT,wood,2040,recycling,0
AUT,wood,2040,downcycling,0.35
AUT,wood,2040,others,0.55
AUT,wood,2045,reuse,0.1
AUT,wood,2045,recycling,0
AUT,wood,2045,downcycling,0.35
AUT,wood,2045,others,0.55
AUT,wood,2050,reuse,0.1
AUT,wood,2050,recycling,0
AUT,wood,2050,downcycling,0.35
AUT,wood,2050,others,0.55
AUT,wood,2055,reuse,0.1
AUT,wood,2055,recycling,0
AUT,wood,2055,downcycling,0.35
AUT,wood,2055,others,0.55
AUT,wood,2060,reuse,0.1
AUT,wood,2060,recycling,0
AUT,wood,2060,downcycling,0.35
AUT,wood,2060,others,0.55
AUT,wood,2065,reuse,0.1
AUT,wood,2065,recycling,0
AUT,wood,2065,downcycling,0.35
AUT,wood,2065,others,0.55
AUT,wood,2070,reuse,0.1
AUT,wood,2070,recycling,0
AUT,wood,2070,downcycling,0.35
AUT,wood,2070,others,0.55
AUT,wood,2075,reuse,0.1
AUT,wood,2075,recycling,0
AUT,wood,2075,downcycling,0.35
AUT,wood,2075,others,0.55
AUT,wood,2080,reuse,0.1
AUT,wood,2080,recycling,0
AUT,wood,2080,downcycling,0.35
AUT,wood,2080,others,0.55
AUT,wood,2085,reuse,0.1
AUT,wood,2085,recycling,0
AUT,wood,2085,downcycling,0.35
AUT,wood,2085,others,0.55
AUT,wood,2090,reuse,0.1
AUT,wood,2090,recycling,0
AUT,wood,2090,downcycling,0.35
AUT,wood,2090,others,0.55
AUT,wood,2095,reuse,0.1
AUT,wood,2095,recycling,0
AUT,wood,2095,downcycling,0.35
AUT,wood,2095,others,0.55
AUT,wood,2100,reuse,0.1
AUT,wood,2100,recycling,0
AUT,wood,2100,downcycling,0.35
AUT,wood,2100,others,0.55
