region_gea,urt,mat,tenr,year,value
AUT,rur,perm,own,2015,0.883761717
AUT,rur,perm,own,2020,0.883761717
AUT,rur,perm,own,2025,0.883761717
AUT,rur,perm,own,2030,0.883761717
AUT,rur,perm,own,2035,0.883761717
AUT,rur,perm,own,2040,0.883761717
AUT,rur,perm,own,2045,0.883761717
AUT,rur,perm,own,2050,0.883761717
AUT,rur,perm,own,2055,0.883761717
AUT,rur,perm,own,2060,0.883761717
AUT,rur,perm,own,2065,0.883761717
AUT,rur,perm,own,2070,0.883761717
AUT,rur,perm,own,2075,0.883761717
AUT,rur,perm,own,2080,0.883761717
AUT,rur,perm,own,2085,0.883761717
AUT,rur,perm,own,2090,0.883761717
AUT,rur,perm,own,2095,0.883761717
AUT,rur,perm,own,2100,0.883761717
AUT,rur,perm,rent,2015,0.116238283
AUT,rur,perm,rent,2020,0.116238283
AUT,rur,perm,rent,2025,0.116238283
AUT,rur,perm,rent,2030,0.116238283
AUT,rur,perm,rent,2035,0.116238283
AUT,rur,perm,rent,2040,0.116238283
AUT,rur,perm,rent,2045,0.116238283
AUT,rur,perm,rent,2050,0.116238283
AUT,rur,perm,rent,2055,0.116238283
AUT,rur,perm,rent,2060,0.116238283
AUT,rur,perm,rent,2065,0.116238283
AUT,rur,perm,rent,2070,0.116238283
AUT,rur,perm,rent,2075,0.116238283
AUT,rur,perm,rent,2080,0.116238283
AUT,rur,perm,rent,2085,0.116238283
AUT,rur,perm,rent,2090,0.116238283
AUT,rur,perm,rent,2095,0.116238283
AUT,rur,perm,rent,2100,0.116238283
AUT,urb,perm,own,2015,0.631295989
AUT,urb,perm,own,2020,0.631295989
AUT,urb,perm,own,2025,0.631295989
AUT,urb,perm,own,2030,0.631295989
AUT,urb,perm,own,2035,0.631295989
AUT,urb,perm,own,2040,0.631295989
AUT,urb,perm,own,2045,0.631295989
AUT,urb,perm,own,2050,0.631295989
AUT,urb,perm,own,2055,0.631295989
AUT,urb,perm,own,2060,0.631295989
AUT,urb,perm,own,2065,0.631295989
AUT,urb,perm,own,2070,0.631295989
AUT,urb,perm,own,2075,0.631295989
AUT,urb,perm,own,2080,0.631295989
AUT,urb,perm,own,2085,0.631295989
AUT,urb,perm,own,2090,0.631295989
AUT,urb,perm,own,2095,0.631295989
AUT,urb,perm,own,2100,0.631295989
AUT,urb,perm,rent,2015,0.368704011
AUT,urb,perm,rent,2020,0.368704011
AUT,urb,perm,rent,2025,0.368704011
AUT,urb,perm,rent,2030,0.368704011
AUT,urb,perm,rent,2035,0.368704011
AUT,urb,perm,rent,2040,0.368704011
AUT,urb,perm,rent,2045,0.368704011
AUT,urb,perm,rent,2050,0.368704011
AUT,urb,perm,rent,2055,0.368704011
AUT,urb,perm,rent,2060,0.368704011
AUT,urb,perm,rent,2065,0.368704011
AUT,urb,perm,rent,2070,0.368704011
AUT,urb,perm,rent,2075,0.368704011
AUT,urb,perm,rent,2080,0.368704011
AUT,urb,perm,rent,2085,0.368704011
AUT,urb,perm,rent,2090,0.368704011
AUT,urb,perm,rent,2095,0.368704011
AUT,urb,perm,rent,2100,0.368704011
AUT,rur,sub,own,2015,1
AUT,rur,sub,own,2020,1
AUT,rur,sub,own,2025,1
AUT,rur,sub,own,2030,1
AUT,rur,sub,own,2035,1
AUT,rur,sub,own,2040,1
AUT,rur,sub,own,2045,1
AUT,rur,sub,own,2050,1
AUT,rur,sub,own,2055,1
AUT,rur,sub,own,2060,1
AUT,rur,sub,own,2065,1
AUT,rur,sub,own,2070,1
AUT,rur,sub,own,2075,1
AUT,rur,sub,own,2080,1
AUT,rur,sub,own,2085,1
AUT,rur,sub,own,2090,1
AUT,rur,sub,own,2095,1
AUT,rur,sub,own,2100,1
AUT,rur,sub,rent,2015,0
AUT,rur,sub,rent,2020,0
AUT,rur,sub,rent,2025,0
AUT,rur,sub,rent,2030,0
AUT,rur,sub,rent,2035,0
AUT,rur,sub,rent,2040,0
AUT,rur,sub,rent,2045,0
AUT,rur,sub,rent,2050,0
AUT,rur,sub,rent,2055,0
AUT,rur,sub,rent,2060,0
AUT,rur,sub,rent,2065,0
AUT,rur,sub,rent,2070,0
AUT,rur,sub,rent,2075,0
AUT,rur,sub,rent,2080,0
AUT,rur,sub,rent,2085,0
AUT,rur,sub,rent,2090,0
AUT,rur,sub,rent,2095,0
AUT,rur,sub,rent,2100,0
AUT,urb,sub,own,2015,1
AUT,urb,sub,own,2020,1
AUT,urb,sub,own,2025,1
AUT,urb,sub,own,2030,1
AUT,urb,sub,own,2035,1
AUT,urb,sub,own,2040,1
AUT,urb,sub,own,2045,1
AUT,urb,sub,own,2050,1
AUT,urb,sub,own,2055,1
AUT,urb,sub,own,2060,1
AUT,urb,sub,own,2065,1
AUT,urb,sub,own,2070,1
AUT,urb,sub,own,2075,1
AUT,urb,sub,own,2080,1
AUT,urb,sub,own,2085,1
AUT,urb,sub,own,2090,1
AUT,urb,sub,own,2095,1
AUT,urb,sub,own,2100,1
AUT,urb,sub,rent,2015,0
AUT,urb,sub,rent,2020,0
AUT,urb,sub,rent,2025,0
AUT,urb,sub,rent,2030,0
AUT,urb,sub,rent,2035,0
AUT,urb,sub,rent,2040,0
AUT,urb,sub,rent,2045,0
AUT,urb,sub,rent,2050,0
AUT,urb,sub,rent,2055,0
AUT,urb,sub,rent,2060,0
AUT,urb,sub,rent,2065,0
AUT,urb,sub,rent,2070,0
AUT,urb,sub,rent,2075,0
AUT,urb,sub,rent,2080,0
AUT,urb,sub,rent,2085,0
AUT,urb,sub,rent,2090,0
AUT,urb,sub,rent,2095,0
AUT,urb,sub,rent,2100,0
