region_bld,region_gea,urt,clim,mat,arch,yr_con,bld_age,value
C-AUT,AUT,rur,Zone_4A Mixed Humid,perm,mfh,1945,p1,0.184871
C-AUT,AUT,rur,Zone_4A Mixed Humid,perm,mfh,1965,p2,0.0598047
C-AUT,AUT,rur,Zone_4A Mixed Humid,perm,mfh,1970,p2,0.0854552
C-AUT,AUT,rur,Zone_4A Mixed Humid,perm,mfh,1975,p2,0.0793395
C-AUT,AUT,rur,Zone_4A Mixed Humid,perm,mfh,1980,p2,0.0585349
C-AUT,AUT,rur,Zone_4A Mixed Humid,perm,mfh,1985,p2,0.0614616
C-AUT,AUT,rur,Zone_4A Mixed Humid,perm,mfh,1990,p2,0.079229
C-AUT,AUT,rur,Zone_4A Mixed Humid,perm,mfh,1995,p3,0.119363
C-AUT,AUT,rur,Zone_4A Mixed Humid,perm,mfh,2000,p3,0.0869265
C-AUT,AUT,rur,Zone_4A Mixed Humid,perm,mfh,2005,p3,0.0873856
C-AUT,AUT,rur,Zone_4A Mixed Humid,perm,mfh,2010,p3,0.0571696
C-AUT,AUT,rur,Zone_4A Mixed Humid,perm,mfh,2015,p3,0.0202297
C-AUT,AUT,rur,Zone_4A Mixed Humid,perm,mfh,2020,p3,0.0202297
C-AUT,AUT,rur,Zone_4A Mixed Humid,perm,sfh,1945,p1,0.184871
C-AUT,AUT,rur,Zone_4A Mixed Humid,perm,sfh,1965,p2,0.059805
C-AUT,AUT,rur,Zone_4A Mixed Humid,perm,sfh,1970,p2,0.085455
C-AUT,AUT,rur,Zone_4A Mixed Humid,perm,sfh,1975,p2,0.0793399
C-AUT,AUT,rur,Zone_4A Mixed Humid,perm,sfh,1980,p2,0.0585349
C-AUT,AUT,rur,Zone_4A Mixed Humid,perm,sfh,1985,p2,0.0614618
C-AUT,AUT,rur,Zone_4A Mixed Humid,perm,sfh,1990,p2,0.0792283
C-AUT,AUT,rur,Zone_4A Mixed Humid,perm,sfh,1995,p3,0.119363
C-AUT,AUT,rur,Zone_4A Mixed Humid,perm,sfh,2000,p3,0.0869259
C-AUT,AUT,rur,Zone_4A Mixed Humid,perm,sfh,2005,p3,0.087385
C-AUT,AUT,rur,Zone_4A Mixed Humid,perm,sfh,2010,p3,0.0571699
C-AUT,AUT,rur,Zone_4A Mixed Humid,perm,sfh,2015,p3,0.0202302
C-AUT,AUT,rur,Zone_4A Mixed Humid,perm,sfh,2020,p3,0.0202302
C-AUT,AUT,rur,Zone_5A Cool Humid,perm,mfh,1945,p1,0.184871
C-AUT,AUT,rur,Zone_5A Cool Humid,perm,mfh,1965,p2,0.059805
C-AUT,AUT,rur,Zone_5A Cool Humid,perm,mfh,1970,p2,0.085455
C-AUT,AUT,rur,Zone_5A Cool Humid,perm,mfh,1975,p2,0.0793399
C-AUT,AUT,rur,Zone_5A Cool Humid,perm,mfh,1980,p2,0.0585349
C-AUT,AUT,rur,Zone_5A Cool Humid,perm,mfh,1985,p2,0.0614618
C-AUT,AUT,rur,Zone_5A Cool Humid,perm,mfh,1990,p2,0.0792283
C-AUT,AUT,rur,Zone_5A Cool Humid,perm,mfh,1995,p3,0.119363
C-AUT,AUT,rur,Zone_5A Cool Humid,perm,mfh,2000,p3,0.0869259
C-AUT,AUT,rur,Zone_5A Cool Humid,perm,mfh,2005,p3,0.0873851
C-AUT,AUT,rur,Zone_5A Cool Humid,perm,mfh,2010,p3,0.0571699
C-AUT,AUT,rur,Zone_5A Cool Humid,perm,mfh,2015,p3,0.0202302
C-AUT,AUT,rur,Zone_5A Cool Humid,perm,mfh,2020,p3,0.0202302
C-AUT,AUT,rur,Zone_5A Cool Humid,perm,sfh,1945,p1,0.184871
C-AUT,AUT,rur,Zone_5A Cool Humid,perm,sfh,1965,p2,0.059805
C-AUT,AUT,rur,Zone_5A Cool Humid,perm,sfh,1970,p2,0.085455
C-AUT,AUT,rur,Zone_5A Cool Humid,perm,sfh,1975,p2,0.0793399
C-AUT,AUT,rur,Zone_5A Cool Humid,perm,sfh,1980,p2,0.0585349
C-AUT,AUT,rur,Zone_5A Cool Humid,perm,sfh,1985,p2,0.0614618
C-AUT,AUT,rur,Zone_5A Cool Humid,perm,sfh,1990,p2,0.0792283
C-AUT,AUT,rur,Zone_5A Cool Humid,perm,sfh,1995,p3,0.119363
C-AUT,AUT,rur,Zone_5A Cool Humid,perm,sfh,2000,p3,0.0869259
C-AUT,AUT,rur,Zone_5A Cool Humid,perm,sfh,2005,p3,0.0873851
C-AUT,AUT,rur,Zone_5A Cool Humid,perm,sfh,2010,p3,0.0571699
C-AUT,AUT,rur,Zone_5A Cool Humid,perm,sfh,2015,p3,0.0202302
C-AUT,AUT,rur,Zone_5A Cool Humid,perm,sfh,2020,p3,0.0202302
C-AUT,AUT,rur,Zone_6A Cold Humid,perm,mfh,1945,p1,0.184871
C-AUT,AUT,rur,Zone_6A Cold Humid,perm,mfh,1965,p2,0.059805
C-AUT,AUT,rur,Zone_6A Cold Humid,perm,mfh,1970,p2,0.085455
C-AUT,AUT,rur,Zone_6A Cold Humid,perm,mfh,1975,p2,0.0793399
C-AUT,AUT,rur,Zone_6A Cold Humid,perm,mfh,1980,p2,0.0585349
C-AUT,AUT,rur,Zone_6A Cold Humid,perm,mfh,1985,p2,0.0614618
C-AUT,AUT,rur,Zone_6A Cold Humid,perm,mfh,1990,p2,0.0792283
C-AUT,AUT,rur,Zone_6A Cold Humid,perm,mfh,1995,p3,0.119363
C-AUT,AUT,rur,Zone_6A Cold Humid,perm,mfh,2000,p3,0.0869259
C-AUT,AUT,rur,Zone_6A Cold Humid,perm,mfh,2005,p3,0.0873851
C-AUT,AUT,rur,Zone_6A Cold Humid,perm,mfh,2010,p3,0.0571699
C-AUT,AUT,rur,Zone_6A Cold Humid,perm,mfh,2015,p3,0.0202302
C-AUT,AUT,rur,Zone_6A Cold Humid,perm,mfh,2020,p3,0.0202302
C-AUT,AUT,rur,Zone_6A Cold Humid,perm,sfh,1945,p1,0.184871
C-AUT,AUT,rur,Zone_6A Cold Humid,perm,sfh,1965,p2,0.059805
C-AUT,AUT,rur,Zone_6A Cold Humid,perm,sfh,1970,p2,0.085455
C-AUT,AUT,rur,Zone_6A Cold Humid,perm,sfh,1975,p2,0.0793399
C-AUT,AUT,rur,Zone_6A Cold Humid,perm,sfh,1980,p2,0.0585349
C-AUT,AUT,rur,Zone_6A Cold Humid,perm,sfh,1985,p2,0.0614618
C-AUT,AUT,rur,Zone_6A Cold Humid,perm,sfh,1990,p2,0.0792283
C-AUT,AUT,rur,Zone_6A Cold Humid,perm,sfh,1995,p3,0.119363
C-AUT,AUT,rur,Zone_6A Cold Humid,perm,sfh,2000,p3,0.0869259
C-AUT,AUT,rur,Zone_6A Cold Humid,perm,sfh,2005,p3,0.0873851
C-AUT,AUT,rur,Zone_6A Cold Humid,perm,sfh,2010,p3,0.0571699
C-AUT,AUT,rur,Zone_6A Cold Humid,perm,sfh,2015,p3,0.0202302
C-AUT,AUT,rur,Zone_6A Cold Humid,perm,sfh,2020,p3,0.0202302
C-AUT,AUT,urb,Zone_4A Mixed Humid,perm,mfh,1945,p1,0.184871
C-AUT,AUT,urb,Zone_4A Mixed Humid,perm,mfh,1960,p2,0.142117
C-AUT,AUT,urb,Zone_4A Mixed Humid,perm,mfh,1965,p2,0.0381712
C-AUT,AUT,urb,Zone_4A Mixed Humid,perm,mfh,1970,p2,0.0578695
C-AUT,AUT,urb,Zone_4A Mixed Humid,perm,mfh,1975,p2,0.0487888
C-AUT,AUT,urb,Zone_4A Mixed Humid,perm,mfh,1980,p2,0.0334102
C-AUT,AUT,urb,Zone_4A Mixed Humid,perm,mfh,1985,p2,0.0431166
C-AUT,AUT,urb,Zone_4A Mixed Humid,perm,mfh,1990,p2,0.0603518
C-AUT,AUT,urb,Zone_4A Mixed Humid,perm,mfh,1995,p3,0.0544723
C-AUT,AUT,urb,Zone_4A Mixed Humid,perm,mfh,2000,p3,0.0387371
C-AUT,AUT,urb,Zone_4A Mixed Humid,perm,mfh,2005,p3,0.0655617
C-AUT,AUT,urb,Zone_4A Mixed Humid,perm,mfh,2010,p3,0.0680947
C-AUT,AUT,urb,Zone_4A Mixed Humid,perm,mfh,2015,p3,0.0822192
C-AUT,AUT,urb,Zone_4A Mixed Humid,perm,mfh,2020,p3,0.0822192
C-AUT,AUT,urb,Zone_4A Mixed Humid,perm,sfh,1945,p1,0.184871
C-AUT,AUT,urb,Zone_4A Mixed Humid,perm,sfh,1960,p2,0.142117
C-AUT,AUT,urb,Zone_4A Mixed Humid,perm,sfh,1965,p2,0.0381712
C-AUT,AUT,urb,Zone_4A Mixed Humid,perm,sfh,1970,p2,0.0578695
C-AUT,AUT,urb,Zone_4A Mixed Humid,perm,sfh,1975,p2,0.0487888
C-AUT,AUT,urb,Zone_4A Mixed Humid,perm,sfh,1980,p2,0.0334102
C-AUT,AUT,urb,Zone_4A Mixed Humid,perm,sfh,1985,p2,0.0431166
C-AUT,AUT,urb,Zone_4A Mixed Humid,perm,sfh,1990,p2,0.0603518
C-AUT,AUT,urb,Zone_4A Mixed Humid,perm,sfh,1995,p3,0.0544723
C-AUT,AUT,urb,Zone_4A Mixed Humid,perm,sfh,2000,p3,0.0387371
C-AUT,AUT,urb,Zone_4A Mixed Humid,perm,sfh,2005,p3,0.0655617
C-AUT,AUT,urb,Zone_4A Mixed Humid,perm,sfh,2010,p3,0.0680947
C-AUT,AUT,urb,Zone_4A Mixed Humid,perm,sfh,2015,p3,0.0822192
C-AUT,AUT,urb,Zone_4A Mixed Humid,perm,sfh,2020,p3,0.0822192
C-AUT,AUT,urb,Zone_5A Cool Humid,perm,mfh,1945,p1,0.184871
C-AUT,AUT,urb,Zone_5A Cool Humid,perm,mfh,1960,p2,0.142117
C-AUT,AUT,urb,Zone_5A Cool Humid,perm,mfh,1965,p2,0.0381712
C-AUT,AUT,urb,Zone_5A Cool Humid,perm,mfh,1970,p2,0.0578695
C-AUT,AUT,urb,Zone_5A Cool Humid,perm,mfh,1975,p2,0.0487888
C-AUT,AUT,urb,Zone_5A Cool Humid,perm,mfh,1980,p2,0.0334102
C-AUT,AUT,urb,Zone_5A Cool Humid,perm,mfh,1985,p2,0.0431166
C-AUT,AUT,urb,Zone_5A Cool Humid,perm,mfh,1990,p2,0.0603518
C-AUT,AUT,urb,Zone_5A Cool Humid,perm,mfh,1995,p3,0.0544723
C-AUT,AUT,urb,Zone_5A Cool Humid,perm,mfh,2000,p3,0.0387371
C-AUT,AUT,urb,Zone_5A Cool Humid,perm,mfh,2005,p3,0.0655617
C-AUT,AUT,urb,Zone_5A Cool Humid,perm,mfh,2010,p3,0.0680947
C-AUT,AUT,urb,Zone_5A Cool Humid,perm,mfh,2015,p3,0.0822192
C-AUT,AUT,urb,Zone_5A Cool Humid,perm,mfh,2020,p3,0.0822192
C-AUT,AUT,urb,Zone_5A Cool Humid,perm,sfh,1945,p1,0.184871
C-AUT,AUT,urb,Zone_5A Cool Humid,perm,sfh,1960,p2,0.142117
C-AUT,AUT,urb,Zone_5A Cool Humid,perm,sfh,1965,p2,0.0381712
C-AUT,AUT,urb,Zone_5A Cool Humid,perm,sfh,1970,p2,0.0578695
C-AUT,AUT,urb,Zone_5A Cool Humid,perm,sfh,1975,p2,0.0487888
C-AUT,AUT,urb,Zone_5A Cool Humid,perm,sfh,1980,p2,0.0334102
C-AUT,AUT,urb,Zone_5A Cool Humid,perm,sfh,1985,p2,0.0431166
C-AUT,AUT,urb,Zone_5A Cool Humid,perm,sfh,1990,p2,0.0603518
C-AUT,AUT,urb,Zone_5A Cool Humid,perm,sfh,1995,p3,0.0544723
C-AUT,AUT,urb,Zone_5A Cool Humid,perm,sfh,2000,p3,0.0387371
C-AUT,AUT,urb,Zone_5A Cool Humid,perm,sfh,2005,p3,0.0655617
C-AUT,AUT,urb,Zone_5A Cool Humid,perm,sfh,2010,p3,0.0680947
C-AUT,AUT,urb,Zone_5A Cool Humid,perm,sfh,2015,p3,0.0822192
C-AUT,AUT,urb,Zone_5A Cool Humid,perm,sfh,2020,p3,0.0822192
C-AUT,AUT,urb,Zone_6A Cold Humid,perm,mfh,1945,p1,0.184871
C-AUT,AUT,urb,Zone_6A Cold Humid,perm,mfh,1960,p2,0.142117
C-AUT,AUT,urb,Zone_6A Cold Humid,perm,mfh,1965,p2,0.0381712
C-AUT,AUT,urb,Zone_6A Cold Humid,perm,mfh,1970,p2,0.0578695
C-AUT,AUT,urb,Zone_6A Cold Humid,perm,mfh,1975,p2,0.0487888
C-AUT,AUT,urb,Zone_6A Cold Humid,perm,mfh,1980,p2,0.0334102
C-AUT,AUT,urb,Zone_6A Cold Humid,perm,mfh,1985,p2,0.0431166
C-AUT,AUT,urb,Zone_6A Cold Humid,perm,mfh,1990,p2,0.0603518
C-AUT,AUT,urb,Zone_6A Cold Humid,perm,mfh,1995,p3,0.0544723
C-AUT,AUT,urb,Zone_6A Cold Humid,perm,mfh,2000,p3,0.0387371
C-AUT,AUT,urb,Zone_6A Cold Humid,perm,mfh,2005,p3,0.0655617
C-AUT,AUT,urb,Zone_6A Cold Humid,perm,mfh,2010,p3,0.0680947
C-AUT,AUT,urb,Zone_6A Cold Humid,perm,mfh,2015,p3,0.0822192
C-AUT,AUT,urb,Zone_6A Cold Humid,perm,mfh,2020,p3,0.0822192
C-AUT,AUT,urb,Zone_6A Cold Humid,perm,sfh,1945,p1,0.184871
C-AUT,AUT,urb,Zone_6A Cold Humid,perm,sfh,1960,p2,0.142117
C-AUT,AUT,urb,Zone_6A Cold Humid,perm,sfh,1965,p2,0.0381712
C-AUT,AUT,urb,Zone_6A Cold Humid,perm,sfh,1970,p2,0.0578695
C-AUT,AUT,urb,Zone_6A Cold Humid,perm,sfh,1975,p2,0.0487888
C-AUT,AUT,urb,Zone_6A Cold Humid,perm,sfh,1980,p2,0.0334102
C-AUT,AUT,urb,Zone_6A Cold Humid,perm,sfh,1985,p2,0.0431166
C-AUT,AUT,urb,Zone_6A Cold Humid,perm,sfh,1990,p2,0.0603518
C-AUT,AUT,urb,Zone_6A Cold Humid,perm,sfh,1995,p3,0.0544723
C-AUT,AUT,urb,Zone_6A Cold Humid,perm,sfh,2000,p3,0.0387371
C-AUT,AUT,urb,Zone_6A Cold Humid,perm,sfh,2005,p3,0.0655617
C-AUT,AUT,urb,Zone_6A Cold Humid,perm,sfh,2010,p3,0.0680947
C-AUT,AUT,urb,Zone_6A Cold Humid,perm,sfh,2015,p3,0.0822192
C-AUT,AUT,urb,Zone_6A Cold Humid,perm,sfh,2020,p3,0.0822192
