year,fuel,value
1990,biomass,0.0
1990,coal,0.0
1990,d_heat,0.0
1990,electr,0.0
1990,gas,0.0
1990,lightoil,0.0
1995,biomass,0.0
1995,coal,0.0
1995,d_heat,0.0
1995,electr,0.0
1995,gas,0.0
1995,lightoil,0.0
2000,biomass,0.0
2000,coal,0.0
2000,d_heat,0.0
2000,electr,0.0
2000,gas,0.0
2000,lightoil,0.0
2005,biomass,0.0
2005,coal,0.0
2005,d_heat,0.0
2005,electr,0.0
2005,gas,0.0
2005,lightoil,0.0
2010,biomass,0.0
2010,coal,0.0
2010,d_heat,0.0
2010,electr,0.0
2010,gas,0.0
2010,lightoil,0.0
2015,biomass,0.0
2015,coal,0.0
2015,d_heat,0.0
2015,electr,0.0
2015,gas,0.0
2015,lightoil,0.0
2020,biomass,0.0
2020,coal,0.0
2020,d_heat,0.0
2020,electr,0.0
2020,gas,0.0
2020,lightoil,0.0
2025,biomass,354.7926813045832
2025,coal,15.288783399999991
2025,d_heat,0.0
2025,electr,0.0
2025,gas,3307.0212511622503
2025,lightoil,1912.6629201533344
2030,biomass,227.0716147410228
2030,coal,0.0
2030,d_heat,0.0
2030,electr,0.0
2030,gas,2353.9179662742777
2030,lightoil,798.7377920031555
2035,biomass,130.51900956058725
2035,coal,0.0
2035,d_heat,0.0
2035,electr,0.0
2035,gas,1559.7258017428437
2035,lightoil,0.0
2040,biomass,57.08202160774515
2040,coal,0.0
2040,d_heat,0.0
2040,electr,0.0
2040,gas,890.6358139661675
2040,lightoil,0.0
2045,biomass,0.0
2045,coal,0.0
2045,d_heat,0.0
2045,electr,0.0
2045,gas,292.8805506946727
2045,lightoil,0.0
2050,biomass,0.0
2050,coal,0.0
2050,d_heat,0.0
2050,electr,0.0
2050,gas,0.0
2050,lightoil,0.0
2055,biomass,0.0
2055,coal,0.0
2055,d_heat,0.0
2055,electr,0.0
2055,gas,0.0
2055,lightoil,0.0
2060,biomass,70.98942749089967
2060,coal,0.0
2060,d_heat,0.0
2060,electr,0.0
2060,gas,0.0
2060,lightoil,0.0
2070,biomass,0.0
2070,coal,0.0
2070,d_heat,0.0
2070,electr,0.0
2070,gas,0.0
2070,lightoil,0.0
2080,biomass,0.0
2080,coal,0.0
2080,d_heat,0.0
2080,electr,0.0
2080,gas,0.0
2080,lightoil,0.0
2090,biomass,0.0
2090,coal,0.0
2090,d_heat,0.0
2090,electr,0.0
2090,gas,0.0
2090,lightoil,0.0
2100,biomass,0.0
2100,coal,0.0
2100,d_heat,0.0
2100,electr,0.0
2100,gas,0.0
2100,lightoil,0.0
2110,biomass,0.0
2110,coal,0.0
2110,d_heat,0.0
2110,electr,0.0
2110,gas,0.0
2110,lightoil,0.0
