year,commodity,value
1990,LNG,0.0
1990,biomass,0.0
1990,coal,0.0
1990,d_heat,0.0
1990,electr,0.0
1990,ethanol,0.0
1990,fueloil,0.0
1990,gas,0.0
1990,lh2,0.0
1990,lightoil,0.0
1990,methanol,0.0
1995,LNG,0.0
1995,biomass,0.0
1995,coal,0.0
1995,d_heat,0.0
1995,electr,0.0
1995,ethanol,0.0
1995,fueloil,0.0
1995,gas,0.0
1995,lh2,0.0
1995,lightoil,0.0
1995,methanol,0.0
2000,LNG,0.0
2000,biomass,0.0
2000,coal,0.0
2000,d_heat,0.0
2000,electr,0.0
2000,ethanol,0.0
2000,fueloil,0.0
2000,gas,0.0
2000,hydrogen,0.0
2000,lh2,0.0
2000,lightoil,0.0
2000,methanol,0.0
2005,LNG,0.0
2005,biomass,0.0
2005,coal,0.0
2005,d_heat,0.0
2005,electr,0.0
2005,ethanol,0.0
2005,fueloil,0.0
2005,gas,0.0
2005,hydrogen,0.0
2005,lh2,0.0
2005,lightoil,0.0
2005,methanol,0.0
2010,LNG,0.0
2010,biomass,0.0
2010,coal,0.0
2010,d_heat,0.0
2010,electr,0.0
2010,ethanol,0.0
2010,fueloil,0.0
2010,gas,0.0
2010,hydrogen,0.0
2010,lh2,0.0
2010,lightoil,0.0
2010,methanol,0.0
2015,LNG,0.0
2015,biomass,0.0
2015,coal,0.0
2015,d_heat,0.0
2015,electr,0.0
2015,ethanol,0.0
2015,fueloil,0.0
2015,gas,0.0
2015,hydrogen,0.0
2015,lh2,0.0
2015,lightoil,0.0
2015,methanol,0.0
2020,LNG,0.0
2020,biomass,0.0
2020,coal,0.0
2020,d_heat,0.0
2020,electr,0.0
2020,ethanol,0.0
2020,fueloil,0.0
2020,gas,0.0
2020,hydrogen,0.0
2020,lh2,0.0
2020,lightoil,0.0
2020,methanol,0.0
2025,LNG,0.0
2025,biomass,4.799051102576382
2025,coal,0.4718736394340013
2025,d_heat,2.16911320481691
2025,electr,7.392886946850676
2025,ethanol,0.4314255033364445
2025,fueloil,0.571923706090799
2025,gas,5.3394048728619
2025,hydrogen,0.0
2025,lh2,0.0
2025,lightoil,14.905254171292803
2025,methanol,0.0
2030,LNG,0.0
2030,biomass,4.442546487865797
2030,coal,0.19221106316626943
2030,d_heat,2.0628050748875824
2030,electr,7.407624191548924
2030,ethanol,0.31051680871094767
2030,fueloil,0.544071410850996
2030,gas,4.172108581680992
2030,hydrogen,0.0
2030,lh2,0.0
2030,lightoil,14.576081451067697
2030,methanol,0.5012284632996471
2035,LNG,0.0
2035,biomass,4.09262556062785
2035,coal,0.13627900768470347
2035,d_heat,1.961707101101315
2035,electr,7.752281338864274
2035,ethanol,0.17116440724517404
2035,fueloil,0.5423845432140729
2035,gas,3.294240468635652
2035,hydrogen,0.0
2035,lh2,0.0
2035,lightoil,14.79722406056917
2035,methanol,0.2468348272148333
2040,LNG,0.0
2040,biomass,3.7852348005737415
2040,coal,0.1956461399737626
2040,d_heat,1.8655639339655241
2040,electr,8.279647754267675
2040,ethanol,0.09117817150168461
2040,fueloil,0.5555811847441046
2040,gas,2.5104766971516828
2040,hydrogen,0.0
2040,lh2,0.0
2040,lightoil,15.292519273287276
2040,methanol,0.04228364799815222
2045,LNG,0.0
2045,biomass,3.678071443673777
2045,coal,0.2808753360986611
2045,d_heat,1.8655639339655241
2045,electr,8.033796374873997
2045,ethanol,0.0
2045,fueloil,0.5940038303192255
2045,gas,2.059311461483697
2045,hydrogen,0.0
2045,lh2,0.0
2045,lightoil,16.79878568691054
2045,methanol,0.14384383248958865
2050,LNG,0.0
2050,biomass,4.387914492261373
2050,coal,0.40323286950161974
2050,d_heat,1.8655639339655241
2050,electr,7.972296358742868
2050,ethanol,0.0
2050,fueloil,0.6643415294024968
2050,gas,1.730036185769431
2050,hydrogen,0.0
2050,lh2,0.0
2050,lightoil,17.905250321375153
2050,methanol,0.2771725434063312
2055,LNG,0.0
2055,biomass,4.953902389315191
2055,coal,0.5788929327329619
2055,d_heat,1.8655639339655241
2055,electr,7.769348242827302
2055,ethanol,0.0
2055,fueloil,0.7172880411672027
2055,gas,1.730036185769431
2055,hydrogen,0.0
2055,lh2,0.0
2055,lightoil,18.713892470300713
2055,methanol,0.43413049652477653
2060,LNG,0.0
2060,biomass,5.42402045901782
2060,coal,0.8310756709450826
2060,d_heat,1.9072000075891373
2060,electr,7.674845980400833
2060,ethanol,0.0
2060,fueloil,0.7604169999907321
2060,gas,1.6197480733613818
2060,hydrogen,0.0
2060,lh2,0.0
2060,lightoil,20.036970902800615
2060,methanol,0.3665269575392165
2070,LNG,0.0
2070,biomass,6.017041269841268
2070,coal,1.712873188365029
2070,d_heat,2.1132478772284244
2070,electr,7.980954943598402
2070,ethanol,0.8110996830770235
2070,fueloil,0.8196857411672027
2070,gas,1.0883135116349711
2070,hydrogen,0.0
2070,lh2,0.0
2070,lightoil,21.27562213544583
2070,methanol,0.5099000000000002
2080,LNG,0.0
2080,biomass,6.009015873015874
2080,coal,2.1774
2080,d_heat,2.3071554388259705
2080,electr,9.483776059113758
2080,ethanol,2.4067002590931303
2080,fueloil,0.8361973235201439
2080,gas,0.6858810000000003
2080,hydrogen,0.0
2080,lh2,0.0
2080,lightoil,15.051552060108497
2080,methanol,0.5506250000000003
2090,LNG,0.0
2090,biomass,6.041418412698412
2090,coal,2.2169999999999996
2090,d_heat,3.140150487688374
2090,electr,10.62446814251667
2090,ethanol,4.707867833273727
2090,fueloil,0.8505033235201439
2090,gas,0.6983550000000001
2090,hydrogen,0.0
2090,lh2,0.0
2090,lightoil,7.625831270994202
2090,methanol,0.3883221667262738
2100,LNG,0.0
2100,biomass,6.081545396825395
2100,coal,2.23566
2100,d_heat,3.1401504876883735
2100,electr,11.162412045877106
2100,ethanol,4.604298714942454
2100,fueloil,0.8575360117554383
2100,gas,0.7042329
2100,hydrogen,0.0
2100,lh2,0.0
2100,lightoil,6.085298346182963
2100,methanol,0.33509128505754654
2110,LNG,0.0
2110,biomass,6.49966857142857
2110,coal,2.39304
2110,d_heat,3.1401504876883735
2110,electr,12.86535181695739
2110,ethanol,5.264635
2110,fueloil,0.9177848411672028
2110,gas,0.7538076
2110,hydrogen,0.0
2110,lh2,0.0
2110,lightoil,3.787054983299681
2110,methanol,0.0
