node,commodity,level,year,time,lvl,mrg
R12_WEU,biomass,final,2025,year,39.056,0.0
R12_WEU,biomass,final,2030,year,39.056,0.0
R12_WEU,biomass,final,2035,year,39.056,0.0
R12_WEU,biomass,final,2040,year,39.056,0.0
R12_WEU,biomass,final,2045,year,39.056,0.0
R12_WEU,biomass,final,2050,year,39.056,0.0
R12_WEU,biomass,final,2055,year,39.056,0.0
R12_WEU,biomass,final,2060,year,39.056,0.0
R12_WEU,biomass,final,2070,year,39.056,0.0
R12_WEU,biomass,final,2080,year,39.056,0.0
R12_WEU,biomass,final,2090,year,39.056,0.0
R12_WEU,biomass,final,2100,year,39.056,0.0
R12_WEU,biomass,final,2110,year,39.056,0.0
R12_WEU,coal,final,2025,year,232.7034760154283,0.0
R12_WEU,coal,final,2030,year,232.70347601542832,0.0
R12_WEU,coal,final,2035,year,232.94075806889018,0.0
R12_WEU,coal,final,2040,year,235.1550337418671,0.0
R12_WEU,coal,final,2045,year,225.6797123275354,0.0
R12_WEU,coal,final,2050,year,241.35465289132713,0.0
R12_WEU,coal,final,2055,year,235.56532249226825,0.0
R12_WEU,coal,final,2060,year,240.05727764835035,0.0
R12_WEU,coal,final,2070,year,255.85272043510588,0.0
R12_WEU,coal,final,2080,year,242.10316071084722,0.0
R12_WEU,coal,final,2090,year,251.3652972352687,0.0
R12_WEU,coal,final,2100,year,267.505255128075,0.0
R12_WEU,coal,final,2110,year,279.3563392084088,0.0
R12_WEU,d_heat,final,2025,year,249.29532066388094,0.0
R12_WEU,d_heat,final,2030,year,196.6735147858577,0.0
R12_WEU,d_heat,final,2035,year,226.70935304269966,0.0
R12_WEU,d_heat,final,2040,year,223.7713544247166,0.0
R12_WEU,d_heat,final,2045,year,351.58611372598165,0.0
R12_WEU,d_heat,final,2050,year,404.4741406973378,0.0
R12_WEU,d_heat,final,2055,year,343.09967208254744,0.0
R12_WEU,d_heat,final,2060,year,358.1608385193571,0.0
R12_WEU,d_heat,final,2070,year,303.0049787212695,0.0
R12_WEU,d_heat,final,2080,year,329.69225346584057,0.0
R12_WEU,d_heat,final,2090,year,330.29252090656433,0.0
R12_WEU,d_heat,final,2100,year,329.2944493753941,0.0
R12_WEU,d_heat,final,2110,year,326.76588727289766,0.0
R12_WEU,electr,final,2025,year,421.3086136765551,0.0
R12_WEU,electr,final,2030,year,494.2834820241465,0.0
R12_WEU,electr,final,2035,year,447.59738662349025,0.0
R12_WEU,electr,final,2040,year,639.232093925542,0.0
R12_WEU,electr,final,2045,year,656.6541099220013,0.0
R12_WEU,electr,final,2050,year,666.5477881593613,0.0
R12_WEU,electr,final,2055,year,721.9831231792583,0.0
R12_WEU,electr,final,2060,year,812.4661575224553,0.0
R12_WEU,electr,final,2070,year,693.8876991563086,0.0
R12_WEU,electr,final,2080,year,715.9302500360703,0.0
R12_WEU,electr,final,2090,year,732.8730323156826,0.0
R12_WEU,electr,final,2100,year,743.6225120390844,0.0
R12_WEU,electr,final,2110,year,741.1814437551476,0.0
R12_WEU,gas,final,2025,year,247.38232168243422,0.0
R12_WEU,gas,final,2030,year,247.38232168243417,0.0
R12_WEU,gas,final,2035,year,270.16176808409705,0.0
R12_WEU,gas,final,2040,year,278.7398095992254,0.0
R12_WEU,gas,final,2045,year,283.2967411830296,0.0
R12_WEU,gas,final,2050,year,280.3575875959321,0.0
R12_WEU,gas,final,2055,year,289.7708623038706,0.0
R12_WEU,gas,final,2060,year,322.34475466742145,0.0
R12_WEU,gas,final,2070,year,279.65650965560866,0.0
R12_WEU,gas,final,2080,year,287.5918279723229,0.0
R12_WEU,gas,final,2090,year,293.69122959298335,0.0
R12_WEU,gas,final,2100,year,297.5610422934079,0.0
R12_WEU,gas,final,2110,year,292.1410789092749,0.0
R12_WEU,lightoil,final,2025,year,284.6514594889898,0.0
R12_WEU,lightoil,final,2030,year,285.0695606747155,0.0
R12_WEU,lightoil,final,2035,year,293.5088005425798,0.0
R12_WEU,lightoil,final,2040,year,322.4257897048209,0.0
R12_WEU,lightoil,final,2045,year,295.601031668847,0.0
R12_WEU,lightoil,final,2050,year,325.0474891396841,0.0
R12_WEU,lightoil,final,2055,year,322.1132575012456,0.0
R12_WEU,lightoil,final,2060,year,349.2170675999139,0.0
R12_WEU,lightoil,final,2070,year,335.2079132257,0.0
R12_WEU,lightoil,final,2080,year,345.04042403806835,0.0
R12_WEU,lightoil,final,2090,year,361.40923022155283,0.0
R12_WEU,lightoil,final,2100,year,353.06282788651424,0.0
R12_WEU,lightoil,final,2110,year,363.9513089643399,0.0
R12_WEU,elec_hp,final,2025,year,421.3086136765551,0.0
R12_WEU,elec_hp,final,2030,year,494.2834820241465,0.0
R12_WEU,elec_hp,final,2035,year,447.59738662349025,0.0
R12_WEU,elec_hp,final,2040,year,639.232093925542,0.0
R12_WEU,elec_hp,final,2045,year,656.6541099220013,0.0
R12_WEU,elec_hp,final,2050,year,666.5477881593613,0.0
R12_WEU,elec_hp,final,2055,year,721.9831231792583,0.0
R12_WEU,elec_hp,final,2060,year,812.4661575224553,0.0
R12_WEU,elec_hp,final,2070,year,693.8876991563086,0.0
R12_WEU,elec_hp,final,2080,year,715.9302500360703,0.0
R12_WEU,elec_hp,final,2090,year,732.8730323156826,0.0
R12_WEU,elec_hp,final,2100,year,743.6225120390844,0.0
R12_WEU,elec_hp,final,2110,year,741.1814437551476,0.0
